step,smiles,qed
0,NC1NN=NC1(Cc1ccccc1)c1ccc2c(c1)CC13CC1C21C=c2ccoc2=CC1N3,0.5852486816133637
0,NC(N)(C=O)C1(F)c2ccccc2C=C2C3=C(C=CC21)C=C1OCOC13,0.6261224109790469
0,NC(N)(F)C(=O)C1(F)c2ccc3c(c2C=CC12CC2)OCO3,0.6383456579809195
0,NC(O)(O)C(C=O)(Nc1cccc2ccccc12)c1nnn[nH]1,0.3109705789278421
0,NC(O)(C(=O)O)C(N)(F)C(=O)c1ccccc1,0.3116165026504504
0,NC(N)(O)C(O)(c1nc2c3ccccc3ncn2n1)n1cncn1,0.31495850325409225
0,O=C(CO)C(=O)NCC1C=CC=CC1C1CSC=CN1,0.6313720317119769
0,CC1c2ccc3cccnc3c2NC1NC(C)(N)C(N)=O,0.6252909387876876
0,NC(N[SH](=O)=O)C1=c2c(ccc3ccccc23)=CNC1CS,0.3677704113995426
0,CC(C(C)(O)O)S(=O)(=O)NC1C=CC=CC1,0.6044596518908358
0,CN1c2ccccc2NC1(C)C(S)(CS)C(N)=O,0.6334492367002758
0,NCC(N)(c1cccc2ccccc12)C(O)(O)C(N)=O,0.46154102774081013
0,NC(=O)C(N)(CC1CC2C=CNN2C2C=CC=CC12)C(N)=O,0.489067160189669
0,CNCC(O)(CS(N)(=O)=O)C(=O)O,0.39240037925557064
0,NCC(N)(Cc1[nH]nc2cc3cc4ccccc4cc3nc12)C(N)=O,0.41178180346375187
0,C1=Cc2cc(C3(c4cc5ncncc5c5ccccc45)NC=NN3)c3c(c2C1)OC1(CC=CC1)O3,0.33926647281501177
0,NC(=O)C(c1ccccc1)(c1onc2cc3c(cc12)OCO3)C(N)Br,0.5081389738339861
0,NC(N)(NC=O)C(O)C(O)Cc1ncncn1,0.25292375378686793
0,O=C1N=CSC1OC1(N2CCNCC23CC=Cc2cc[nH]c23)CC1,0.8728280056617246
0,N#COCC(=O)C(NCN)c1ccc2ccccc2c1,0.6118663257270479
0,NC(N)C(=O)C1(F)C=CN=C2c3ccccc3C=CC21n1cnnn1,0.7543519504622603
0,CC1(NC(N)(CN)C(N)=O)C=c2ccoc2=CC1,0.4475348036674967
0,O=C(OCBr)C12Cc3c(c4c(c5ccccc35)N=CCS4)C=C1CC=N2,0.5160442412235325
0,c1cc2c(c(C(c3nnn[nH]3)(c3cc4cn[nH]c4c4c5c(ccc34)COC5)n3cnnn3)c1)OCO2,0.38164409918770853
0,NCC(Cc1ccccc1)(NC=O)C(N)C=O,0.5387146740110326
0,N#CC(O)(C(=O)Nc1ccc2ccccc2c1)C1=COCO1,0.8437283222585863
0,CC(N)(CCl)C(O)(C(N)=O)C(=O)O,0.32312192106233817
0,CC(N)(Nc1ccccc1)C(=O)C1(N)C=CC=CC1N,0.5968171551547766
0,NC(=O)C(N)(CC=O)c1cccc2c1oc1cc3c(cc12)C=COC3,0.7107415796551283
0,O=C(O)C(O)(c1scc2c1C13CNCC(CNC1)C3C=C2)N1Cc2ccc3cccnc3c2C1,0.4623036750841708
0,NC(=O)C1(N)C=CC=CC1OC(S)[SH](=O)=O,0.36471789125701976
0,O=C(NC(S)S)C1C=Cc2c(c3c(c4c5c(ncc24)C5)C=CC3)C1,0.4898721370696482
0,NCC(O)(C(=O)O)C1(F)CCNc2c1c1ccccc1c1[nH]ncc21,0.490037826741761
0,O=C(C1C=CC=CC1)C(OC1C=CC=NC12OC=CO2)c1cccc2ccccc12,0.7260830908367044
0,NC1(N)c2cc3cnncc3cc2C=C2NC34C=c5ccccc5=CC3(NC=N4)NC21n1cnnn1,0.1915532314298652
0,NCC(NS(=O)(=O)c1c2ccccc2cc2[nH]nnc12)c1cscn1,0.4863061613539829
0,CC(N)C(C)(N)C(C)(C=O)NC=O,0.4684829489384379
0,CC(CC#N)C(C)N(C)S(N)(=O)=O,0.7035924708465977
0,NC(=O)C(O)(O)C(N)CNc1cccc2ccccc12,0.48146736587385364
0,NCC(C=O)(CC(N)c1ccccc1)c1ccc2oncc2c1,0.6812747162868326
0,CC(CC#N)(n1cccn1)C(O)(O)C#N,0.5220606051549335
0,CNC(F)(C=O)OC(C)(O)C(=O)O,0.290652901054711
0,CC(OC(N)(N)O)(c1ccoc1)c1ncnc2ccc3c(c12)CCC3,0.6156236766105445
0,O=CC(O)(Cl)C(O)(Cl)c1c2c(cc3ccccc13)NCNC21OC=CO1,0.4641934030147814
0,BrC1(n2cncn2)SC=NC12Nc1cc3c(cc1S2)OC1=C(C1)O3,0.7072680196114348
0,CNC(C(C)=O)C(C)(N)CC(C)=O,0.6265618144613967
0,NC(=O)C(N)(CSc1cccc2ccccc12)c1cncc2ncncc12,0.5192336370202683
0,O=C(O)C(O)(N1c2ccccc2CC2C=CC=CC21)C(F)(F)F,0.8769973931696607
0,CC(N)(C(=O)C(N)(O)F)c1cc2ccccc2c2ccccc12,0.39318641135522436
0,O=CC1=Nc2sc3c(c2CN1)C12C=CC=CC1=Cc1c(ccc4c1OCO4)C2=C1c2ncncc2COC13,0.47230069852407225
0,N=C(Cl)C(N)(O)C(Cl)Cl,0.3407625351074402
0,NC(=O)C1(c2cc3c(c4nc5c(ccc6cccnc65)cc24)OCO3)N=CNN1,0.35170449015555544
0,CC(CCN)C(S)(S)C(=O)NC=O,0.29565062876108456
0,NC(=O)C(Cl)(CCl)n1cnc2c(ccc3ccccc32)c1=O,0.5880825767569924
0,CCC(N)(c1cc2c3c(ccc2c2oncc12)C3)n1[nH]nnc1=O,0.5160383595823794
0,CC(=O)NC(C)(C(=O)Oc1ccccc1)c1ccccc1,0.6929781694533432
0,O=C(O)C(O)C(=O)NC1C=c2c3c(ccc2=CN1)C1CC1C3,0.501756782902068
0,CC1(C(=O)C(=O)N2CCc3c(ccc4c3CC35C=CC=CC3C5O4)C2)CC1,0.7610651668131041
0,CCC(C)(C(=O)O)C(C)(O)C(C)N,0.6039020787811358
0,NC(N)(C(=O)c1cc2c(c3ccc4c(c13)C=C1CC14)NCN2)c1cccnc1,0.41782996363606933
0,NC(OC=O)C12NN=NC=C1C=Cc1c2ncc2c1C13N=CN=CC1(NC2)OCO3,0.45375111495671344
0,CC(N)(C(=O)C(N)=O)C1C=C2C(=CC1)CNc1ccccc12,0.7303866783083868
0,CC(=O)C(C)(C(=O)c1cccs1)C(C)(O)O,0.4728289046169915
0,NCC(=O)C(N)(Sc1noc2ccccc12)C1NC=CN1,0.45321574649313945
0,O=C(CNc1c2c(cc3nn[nH]c13)NC1C=CC=CC13CNCC23)c1cnn2cnccc12,0.35545584479712805
0,CNC(=O)C(O)C(O)(CN)C(C)=O,0.38721020237428244
0,CC(N)(C(=O)CO)C(N)NC(=O)O,0.3199739752485629
0,NCC(O)(O)C(=O)C(N)(Br)c1ccc2cccnc2c1,0.351634539742839
0,O=COC(S)(Cc1c[nH]cn1)C1(S)OC=CO1,0.4216524434021263
0,CCCC(O)(SC(=O)N1C=NNC1)C(=O)O,0.6140415541409646
0,NC(=O)C(=O)C1(N)Nc2ccccc2C12CC1C=CC=CC1C1(C2)OC=CO1,0.6694465792465567
0,CC(=O)NC(C=O)(C1=CNCCN1)c1cncc2cc3ccccc3cc12,0.4893167197681393
0,O=CC(=O)C1(Nc2ccccc2)CNC2(C=CC=CO2)C2(CNc3ccccc32)C1,0.5401469899404349
0,O=C=C(O)C(O)(O)C1(O)c2ccccc2NC1F,0.21179016814764806
0,O=CC(O)(O)C(Br)(C=O)Nc1ccc2ccccc2c1,0.3322542631923483
0,CC(O)(c1nc2c3c(ccc2c2ccccc12)OCO3)C1(O)CCNC1=O,0.595496937741095
0,NC(=O)C(O)(C(O)CO)C1CCC23C=CC=CC2(C=CC=C3)N1,0.4693114545381483
0,NC(=O)C(S)(c1ncc2c(ccc3c4c(ccc32)NCN4)n1)C(N)S,0.23499288793294484
0,NC1(OC2N=CN=CC2=O)N=c2c(ccc3[nH]cnc23)=C2C=CCC21N,0.5736829563930924
0,CC(c1ccccc1)C(N)([SH]=O)C(=O)N[SH]=O,0.5381450586900611
0,CC(O)(C(=O)O)C(F)C(=O)Nc1ccccn1,0.6996707490193481
0,NC(N)C(=O)C12C=NNC13C(=Nc1occc12)N=Cc1ccc2c(c13)CCC2,0.6685705596581182
0,CNC(C)(C(=O)C=O)C12Cc3ccccc3NC1C1C=CC=CC1=CN2,0.5705552365774078
0,O=C(C(=O)C(O)(O)O)C(O)c1ccc2ncsc2c1,0.4225399144636553
0,CC(=O)C(Nc1ccccc1)C12C=Cc3ccccc3C1NC=N2,0.9103487233424763
0,CN(C)C(=O)OC(C)(C1CCCO1)C1CC=CS1,0.7907626672025868
0,O=COC1c2cccnc2C=C2C=CC=CC21C1=COC2CC=CC2O1,0.6195892006358975
0,CC(N)S(=O)(=O)NC1CNc2c1ccc1ccc3c(c21)Oc1cncnc1N3,0.41287775017687967
0,NC1(C(=O)C2C=CC=CC23COC2OC4C=CC=CC4NC2N3)OC2=C(OCCN2)O1,0.4440785640994877
0,NC(C(=O)NC=O)C12NN=CC=C1c1cc3c(cc1-c1ccccc12)CCC3,0.7135902715955074
0,NC(=O)C(N)(O)C(O)(CS)[SH](=O)=O,0.21693329679951073
0,CC(O)(NC(=O)c1occ2ccc3ccccc3c12)C(=O)O,0.6431310116460742
0,CC(=O)C(O)(C(N)O)C(N)CC=O,0.2801798279019805
0,NC(=O)OC(=O)C1(N)C=CC2=C(CCCN2)C1C=O,0.3452408447752754
0,NC1(Br)NC2(CSc3sccc32)N2C=c3ccc4ccc5c(c4c3=CC2C1=O)C5,0.2973315613441175
0,NC(C1(OC=O)C=NNC1)C(N)(N)C1CCCCC1,0.3744385238380345
0,O=C1Cc2cc3c(cc2C1NC1(C24CCCCC2OCO4)OC2=C(OCO2)O1)CCCC3,0.7667748710922146
0,NC(O)(O)CC(N)(Cc1cccc2ccccc12)c1cncnc1,0.5202923429691373
0,NC(C=O)(C(=O)Nc1ccccc1)C1=C2C=Cc3ccoc3C2C=CN1,0.5823297716938638
0,NC(=O)C(CS)N(CCCl)[SH](=O)=O,0.4085181860754578
0,NC(c1ccc2c(c1)C2)(C12CC=CN=C1N=CN2)C1(n2cnnn2)CC1,0.7196728633727117
0,NC(N)(C(=O)C(O)CO)C12C=CC=CC1=NOC2,0.4293407815039246
0,NC(=O)C1(c2c3c(cc4sccc24)CCC2CCCC32)C=CN=NN1C=O,0.8217565156020209
0,NC(F)N(C=O)C(N)C1(N)C=Cc2ccccc2C1,0.4018618258741226
0,O=CC(=O)C1Nc2nc3c(cc2C2=C1N=CNC2)c1c(c2c3ccc3ccoc32)C=NCC1,0.2846487580688584
0,CC(=O)C(O)(O)CNC(=O)N(C)C,0.4737065089799793
0,O=S(=O)(c1scc2c1CC=C2)c1c2c(c3cnc4cc[nH]c4c3c1Br)C2,0.4245685738543502
0,CC(N)(N)C(N)(N)C(O)(O)C=O,0.1899723397695979
0,CC(C)(C(=O)NCc1ncccn1)c1cccc2oc3[nH]cnc3c12,0.5975202577386521
0,NC1(c2ncccn2)C=NN=CC1N1CCOC23C=NNC12C=c1c(ccc2ccccc12)=C3,0.561724880984776
0,CC(N)N(C)C(=O)C(N)(O)C(=O)O,0.2875363944522003
0,NC(C=O)(NC1(C=O)C=CSC1)C1C=CC=CC1,0.5664117208076955
0,NC(NS(=O)(=O)C=O)C(c1ccccc1)c1ccccc1,0.6199484906595898
0,OC1(C(c2ccccc2)(c2cc3ccc4c(c3cn2)NCC=C4)c2ncno2)OC=CO1,0.5107836361789623
0,NC(O)C(=O)CC12Cc3c(c4c(c5occc35)C4)NC1Sc1nnsc12,0.4565033783324828
0,CC(CN)C(=O)NC(C)S(N)(=O)=O,0.5131591103201971
0,OCC1(C2NN=C3C=CNN32)C=CC=C2C=CC=CC21Nc1ccccc1,0.6620760753571379
0,NC(=O)C(N)(O)C(F)(CF)C(O)F,0.39833106306917365
0,CCOC(CF)(OC(C)F)C(F)F,0.4878128836445999
0,O=[SH](=O)NC(F)(S)C(O)C(O)(F)F,0.23796647593433554
0,OCC(O)(C(F)F)C(F)C(F)CF,0.6500351264285503
0,O=COC(c1ccoc1)(C(O)O)C1CC=Cc2c1ccc1ncncc21,0.5349043956708248
0,NC(Cl)(C(=O)N1C=NC=CC1)C(=O)n1cnc2ccc3scnc3c21,0.4159520436614303
0,NC(=O)C1(O)NCc2c1c1c3[nH]nnc3c3cc4ncc5c(c4cc3c1c1ncncc21)CCC5,0.2134845282633519
0,O=C1C=Cc2c(ccc3ccccc23)C1(Nn1cnnc1)C(O)O,0.6161675550499098
0,NC(N)(C(=O)C(O)O)c1cc2cc3c(cc2c2cnccc12)COCO3,0.38574426679052415
0,NC(F)C(=O)C(=O)N1C=NC=C2c3ccccc3C=CC21F,0.662826167122425
0,CNC(O)C(O)(OC(=O)C=O)c1ccccc1,0.2669109399106669
0,NC(N)(O)C(=O)C1=COC2(CC=CCC2)O1,0.430183336826768
0,CC(=O)C(C1=NC=C2c3ccccc3C=NC2N1)n1c2c(c3ccsc31)CNC2,0.707869060039495
0,CNC(=O)C(O)(O)C1(c2nccc3cc4c(cc23)OCO4)CCCNC1,0.5712137726250043
0,NC(=O)C(n1cncn1)C1(N)C2=C(C=C3C=CC=CC31N)CCCC2,0.7452463437555534
0,O=C(O)NC(O)C(O)(O)c1cc2ccccc2c2c1CC=C2,0.5459498396189065
0,NC(=O)C(O)(O)NCC1(c2ccccc2)CC=NN1,0.4177879322722609
0,CSC1(C(N)=O)C=c2cc3ccccc3cc2=NC1N1CNN=N1,0.8406074910888991
0,N#CC(NC=O)(c1cccc2ccccc12)C(O)CO,0.6956277753310078
0,CCC(N)(CNC)C(=O)C(C)NC,0.5237875158922112
0,NC(Oc1cncnc1)C(N)(CO)Oc1cnc[nH]1,0.46638943531749927
0,O=COCC1(c2cncc3ccccc23)CN=C2NN=NN2C1,0.8568478906497955
0,CCC(NC(C)=O)(Oc1ccccc1)c1ccccc1,0.8440675993507092
0,NC(F)(C(=O)N1NC=NC12CNc1ccccc1C2)C(O)O,0.3403126121120901
0,OC1(O)C=c2cnncc2=CC12C=C1Cc3ccccc3CC1=CC2c1nncs1,0.5779480879541187
0,CC(Cl)(CF)N1N=CNC1(F)C1N=CC=CC1F,0.6317018908914052
0,O=C(CF)CC(F)(F)c1[nH]nc2c3c(ccc12)OCO3,0.9363897992250783
0,NCN(CC(=O)N1CCCCC1)c1cccc2c3cncnc3c3ccccc3c12,0.4185692072612082
0,O=C(CC(O)(O)n1ncnn1)NC1C=CC=CC1Cl,0.47680744754173876
0,O=C1N=CN=CC1(O)C(O)(c1nnn[nH]1)n1cc2c(ccc3ccccc32)n1,0.44581082766177577
0,CNC(=O)C(=O)C(N)(N)c1cc2ccoc2c2ccccc12,0.4925005774184367
0,Brc1nn2[nH]c3cc4cncnc4cc3c2c1-n1cncn1,0.4974331426800936
0,NC(S)C12NC3C=c4cn[nH]c4=CC3CC13NCC1(CC1)NC3=CS2,0.27704156502803745
0,CC(N)(C(N)=O)C(O)C(C)(O)c1ccccc1,0.5642515670827143
0,NC(=O)C(C(O)O)(C(F)F)C1NCCc2ccccc21,0.5822393774725168
0,CC(=O)CN(C)C(=O)C(C)(C)CN,0.6728205326608595
0,NC1(Cc2cc3ccc4c(c3c3ccc5ccccc5c23)C2=C(C4)OCO2)NC=NSC1F,0.32195756441404405
0,CN1NC=CC1CC(=O)C1(c2ccc3nc4c(cc3c2)C=CC4)CCCCC1,0.8679912024464679
0,NC1(C2(c3cc4ccccc4c4cnoc34)CCCC2=O)C=c2cc3ccccc3cc2=NN1,0.43356811715621246
0,O=[SH](=O)C(S)(COc1ccc2ccc3cccnc3c2c1)C1=CCCC1,0.3941604333264463
0,NC(O)(O)Cc1c(-c2ccc3c(ccc4ncncc43)c2)nn2cn[nH]c12,0.27722902746608374
0,CC(N)(C(=O)N1C(=O)CNC2OC=C3C=CCNC321)c1ccsc1,0.6962441745256153
0,CCC(O)(O)C(=O)C(=O)NC(C)C,0.3977581641824439
0,O=CNC(=O)C1(CF)Nc2ccc3ccccc3c2-c2ccccc21,0.7221807747757616
0,NC(c1ccccc1)C(O)(O)C(=O)Nc1ccccn1,0.6029787875912582
0,OC(O)(COc1ccccc1)C1(c2nnco2)CCC23OCOC2=CC=CC3C1,0.7373913536845074
0,COC(C)(c1cccc2c1OCO2)C1C2=C(C=CC1N)Oc1cncnc1N2,0.8365641203965958
0,NC(C=O)(c1ccn[nH]1)C(O)(O)C12CC=CC=C1C=CC=N2,0.44902428112726694
0,CC(=O)C(N)(CF)Nc1cc2[nH]cnc2c2cc3ccccc3cc12,0.39334113520756014
0,NCC1(NC=O)C(=O)c2ccc3c(c2-c2c4ccccc4cn21)CCN3,0.6313878259148579
0,O=C(NCC1(C2=COCO2)CCC2(CCc3ccccc32)C1)c1scc2c1NCCN2,0.6682546888293002
0,CC1(N)Nc2c3c(c4c(c2C1(Br)OC=O)OCc1cccn1-4)N=CC3,0.5940245584513763
0,NOC1(n2cc3c(ccc4ncc5ccccc5c43)n2)OCOC12CNC=NC2=O,0.3762814822453011
0,NC(=O)C(O)(C(=O)O)N1CCc2ccccc2C2(CNC3CNCNC3O2)C1,0.3065686262752364
0,O=C(CC(Cl)N1CCOc2cc3ccccc3cc21)NCCCl,0.6621859877633932
0,CCSCC(C)(C(=O)Nc1nnc[nH]1)n1cccn1,0.8271291644205894
0,NCC(CN)(C(N)=O)c1nc2c([nH]1)c1c(c3ccccc32)OCO1,0.5345190480011528
0,CNC(C)C(C)(C=O)C(N)[SH](=O)=O,0.38566712974333894
0,O=C(O)C(O)(NCF)N1c2ccccc2OC2C3=C(C=CC21)CC=C3,0.5696923829133989
0,NC(O)(O)C(=O)C(=O)NCc1ccn[nH]1,0.2703978306929984
0,CC(C=O)(NC=O)C(O)(O)C(N)=O,0.26858645706351536
0,NC1(C=O)C2=C(C=COC2)C=CC1(N)C(O)C(=O)O,0.4531768137304041
0,NC(N)(S)C1(N[SH](=O)=O)C=C2NCNC2=CC1=O,0.21506785014876315
0,NC(=O)NC(O)(O)C(=O)CC1CC=CS1,0.47732422676089004
0,CC(C(=O)C(O)(O)F)(c1ccc2ccccc2c1)c1ccc[nH]1,0.6483687502229257
0,NC(=O)C1(C(N)S)C=CC=CC1(S)c1nccc2ccccc12,0.5091674689400839
0,CCC(C)(Cc1ccccc1)NC(=O)C(N)=O,0.7627498144325069
0,CC(C)(NC(=O)C(N)(N)c1nccs1)c1ccccc1,0.7389954061394008
0,CC(Cl)NC(=O)C1(C)Sc2ccc3ccncc3c2C1N,0.659023110024927
0,CC(N)(SC(=O)C1(c2ccccc2)C=CNN1)c1ccccc1,0.7541191296258547
0,CC(=O)C(C)(N)C(N)([SH]1C=CC=C1)[SH](=O)=O,0.5154207174496148
0,CC(O)(C(=O)O)c1cc2cc3cc4c(cc3cc2o1)CCC41OC2=C(C2)O1,0.7216603661342105
0,N#CC(O)(n1nc2cc3ccncc3cc2n1)C(O)(Cl)Cl,0.5428282247263987
0,NC(N)(Oc1cc2ccc3c(c2c2nccnc12)C=CC3)C(=O)c1nncs1,0.3075014708119586
0,O=CC(=O)C1Nc2cc3c(cc21)NCC1(S3)c2cc3c(nc21)NCC31CCCCC1,0.5064074037734798
0,CC(C=O)C1(N2C=CSCC2=O)c2ccccc2C=C2OCOC21,0.7894627971004728
0,NCC1(c2ccncc2)c2cc3c(cc2C=CC12N=CNC2(N)N)OCO3,0.5521360933247321
0,CC(=O)C(=O)C(C)(c1cnc[nH]1)N(C)C1CNCN1,0.6034042596344075
0,NC(S)(C(=O)S)C12N=Cn3cccc3C13OCc1ccccc1C3=CS2,0.5345268879248277
0,O=C(NC1(Br)CC=CC2=C1OC13C=CC=CC1=CC=CC23)C1CC=CC12OC=CO2,0.3766572940736203
0,O=C(Nc1ccc2c(c1)C2)c1ccc2cccnc2c1CCl,0.578187923811938
0,NC(=O)C1(N)C(=O)c2ccc3c(c2-c2ccccc21)OC1(C=Cc2ccccc21)C=C3,0.6046846967167254
0,CCC(=O)C(N)(NC#N)C(C)c1ccccc1,0.4569725767492797
20,CCCC(C)(NCC1C=NNC1)C(N)=O,0.5714396059901671
20,NC(C(=O)F)(C(=O)C1=C2C=CC=CC2NC1)C12C=CC=CC1=COC=C2,0.5943420415032968
20,O=C(NCF)C(F)(c1ccccc1)C1C=NC=C2C=CC=CC21,0.8519167148078167
20,NC(=O)C(N)(O)C(=O)O,0.23949713209016982
20,NC(N)(CF)C(=O)C1(O)c2ccccc2C=CC1O,0.5468684759072961
20,CC(N)(C(=O)N[SH](=O)=O)C(O)(O)S,0.22508607463017927
20,O=C1C=CC=C2C=CC=CC12NC(S)(C(O)S)C1OC=CO1,0.45888923506581714
20,CCC(N)(C=O)NC1=C2C=c3ccc4cccnc4c3=NC23C=CC=CC3=CN1,0.5425202891817723
20,NC(S)(C(=O)NS(=O)(=O)CS)c1nncs1,0.41492177835408584
20,CC(N)(c1cc2oc3ncccc3c2c2ccc3c(c12)OCO3)S(N)(=O)=O,0.5410412310845065
20,NCC(N)(C(O)(O)C=O)S(N)(=O)=O,0.23237993665494663
20,O=C(Nc1cc2c(c3sccc13)COC2)C1(N2CCCCC2)C=CC=CC1,0.8453493115951386
20,CCC(N)(NC12C=CC=CC1C=NN2)C(=O)C=O,0.344016556767603
20,NC(C(=O)c1cccs1)C(N)S(=O)(=O)CF,0.7233894479634472
20,NC(c1ccc2c(ccc3ncccc32)c1)C(O)(O)C(=O)n1cncn1,0.3717856383662336
20,O=CC(O)(O)C(O)(O)c1cc2ccccc2c2ncncc12,0.29984073369883213
20,COC(c1onc2ccccc12)C(N)(CBr)C(N)=O,0.7997434045644632
20,CN(C(Oc1ncnc2ccccc12)c1ncccn1)C(C)(C)N,0.7188735388783304
20,NC12CC34N=CC=NC35CNCC3(CC=CCC3)C5(C1)CC1(C=c3cnccc3=CC14)C2(O)C(=O)O,0.4118683003573546
20,NC(O)(C=O)c1c2ccc3cnncc3c2nn1CO,0.4221374347766967
20,NC(=O)C(N)(N)N,0.2647306177223821
20,NC(NC(=O)C(N)(c1ccccc1)c1ccoc1)c1cncs1,0.6181130938331588
20,O=C1c2c(ccc3c2C2C=CC=CC2CN3)C2=C(OC3(OC=CO3)O2)C1(O)C(O)Br,0.5334981152001449
20,NC(C=O)C12OC3(NC14NN=NN4Cc1ccccc12)Oc1cc2c(cc1O3)COC2,0.5918437951887079
20,CNC(N)(C(N)=O)C(=O)C(C)(C)C,0.38806690519766773
20,N#CC1(C(N)(O)C(=O)O)C=CC=CN1,0.4044446228634371
20,O=C(O)C(c1ccccc1)(n1ncnn1)C(O)(O)CO,0.4686792072440514
20,CNC(N)(CC(C)(C)N)C(=O)CN,0.39341356611108314
20,CN(CC=O)C(=O)C(C)(N)Cc1ccccc1,0.7589267864677437
20,NC1(C(O)(C(=O)O)c2ccc3ccccc3c2)CCC2CNC13C=CSC23,0.6500108246990566
20,O=C(O)C(S)(S)C(O)N1c2ccccc2C=C2C=CC=CC21,0.5065292440745465
20,NC(N)(SC1C=Cc2ccccc21)C(=O)c1ccc2cnc3ccccc3c2c1,0.29770437710477815
20,CC(C(N)=O)(C1=CNCC23C=CN=CC2=CC=CC13F)c1ccccc1,0.880998024181136
20,Cc1c(C(O)(CC=O)C(=O)O)ccc2cc[nH]c12,0.7109041301349417
20,NC(O)(O)c1cc2c(c3cncnc13)-n1ncnc1C1c3cc4[nH]ccc4cc3C=C3CCCCC321,0.2721463060615351
20,C1=NCCCCC1(c1cscn1)C(c1ccccc1)(n1ccnc1)n1cnnc1,0.5120453581876339
20,NC(=O)C(N)(c1ccccc1)c1ncc2c3c(c4c(c2n1)C4)OCO3,0.5765512505837066
20,CNS(=O)(=O)C(C)(c1ccccc1)C1(C)C=CC=CC1,0.9267247598279574
20,CNC(N)(C(N)=O)C(=O)C(C)(O)O,0.2318800346244729
20,NC(=O)CC(N)OC1(c2ncno2)C=CC=C2C=CC=CC21,0.772101672147884
20,N#CC1(C(N)(N)C=O)C=CNN1c1cccc2c1CC=C2,0.5381448833152153
20,NC(=O)C(N)(F)C(O)(O)F,0.26605158546983493
20,NCNC(N)C(N)(C=O)c1coc2cc3c(cc12)C3,0.36172628532539053
20,O=C(CCl)COC(c1ccccc1)(c1ccccc1)C1CC=CO1,0.7118061835441568
20,Brc1ccccc1S1(c2c3cncnc3nc3ccc4c(c23)OCO4)C=Nc2ccccc21,0.247189550787269
20,CCC(N)(C(C)(C)N)C(C)(N)C=O,0.528683708410953
20,O=CC1(SC(=O)C2NC=Nc3cc4c(cc32)C=NNC4)NN=CS1,0.6851059317930326
20,CC(O)(O)CC(F)C(O)(F)C(=O)O,0.443335379651742
20,NC(=O)C(N)(O)C(F)(F)CF,0.4631577265439793
20,NC(O)C(O)(C(=O)C1=C2Cc3ccccc3CC2=NNC1)c1ccccc1,0.600485614739581
20,NC1(Cl)C=CC=CC1(N)OC(=O)C(=O)c1ccccc1,0.2170606679404078
20,CC1(C(O)(O)C(C=O)C(N)=O)C=CC=CN1,0.26182703145569564
20,CSC1(C(N)(S)NC(C)S)C=CC=CC1=O,0.46019439740859636
20,CC(CN)C(N)(C(=O)Cl)C(N)(O)O,0.26079880556721674
20,OC1(C2(F)C=c3c4c(c5c(c6c(c7cncnc75)CC=C6)c3=CC2)OCO4)N=CNN1,0.4970060787417373
20,CC(C=O)(CC(N)=O)C12C=CC=CC1Nc1ccc3ccccc3c1C2,0.8338892262690228
20,NC1(C(N)(OC=O)C(=O)c2cccc3ccccc23)OC=CO1,0.480122315442244
20,NC(O)(C=O)C12C=CNC1C1=C(OCO1)c1c2c2c(c3c1ccc1ccccc13)OCO2,0.32150370103932074
20,CCC1(C(C)(C(N)=O)C2C=NNC2)CCCCC1,0.8026101440545164
20,NC1(C(=O)n2cnnn2)C=CC2=C(C1)CC13C(=CC=CN21)C=Cc1c3ccc2ccccc12,0.5925786833761548
20,NCC(C=O)(NC=O)C12C=CC3=C(C1=CC=NN2)C1C=CC=CC1NC3,0.49782007390908056
20,CC(N)(O)CC(C)(CN)C1N=CN=CC1=O,0.5365008810515115
20,CC(C)(C(=O)OCc1ccccc1)C(=O)c1cc[nH]c1,0.5164471495202356
20,CC(C(N)=O)(C1C=CC=CC1)C(S)(S)n1cncn1,0.5802137721861076
20,CNC1(C2(C(N)=O)C(=O)C=Cc3nn[nH]c32)NN=Cc2ccccc21,0.5373580855167349
20,CC(CC1NC2(CC3(CCCNC3)C1=O)OCCO2)NC1CCC2OCOC12,0.6246976896686336
20,NC(=O)C(N)(N)C1(C(=O)Br)c2ccccc2NC12C=CC=CO2,0.43702224699723297
20,O=C(Br)NC(c1ccc2cc3c(nc2c1)C=CC3)(C1CC1)C1OC=CO1,0.5980066374181173
20,O=C(OC1N=CN=CC12CC2)C(SC1=COCO1)c1ccccc1,0.7680823380141168
20,COC(N)(SC(=O)c1nnc[nH]1)C(O)CO,0.452383762229338
20,NC(=O)C1(N)C(=O)CC2(Nc3cc4c(cc31)NCC1C=CC=CC41)OCCO2,0.5253279460320616
20,CNC(=O)C(=O)C(N)(N)c1ccccc1C,0.467717709821232
20,NC(=O)C(N)(C=O)C1=CSC23C(=C4OCCC4=CC2N1)Nc1ccccc13,0.45099904956169745
20,CC(O)(CO)C(O)(O)C1C=c2[nH]ccc2=CC1=O,0.37334966424461
20,O=COC(C(=O)Br)C1=CNCc2c1ccc1c3c(c4c(c21)OCCO4)OCO3,0.5628829611391661
20,NC(=O)C(O)(C(=O)c1cccc2c3c(ccc12)OCO3)C1COCN1,0.5236950897306196
20,CC(OC(C)(c1ccccc1)C1(O)NC=NN1)c1csnn1,0.7695858602999542
20,CCC(N)SC(=O)C(C)(C)CCN,0.6626053269677182
20,NC(S)(S)C(=O)c1cc2ccccc2c2c1NC1C(=CC3C=CC4=C(OCO4)C31)O2,0.32599610352787556
20,CC1(C(C(N)=O)C2NCNC2=O)NC2C=Cc3cnccc3C2N1,0.4640168096414136
20,CC(Nc1cccc2c3c(ccc12)OCO3)(C(N)=O)C(N)=O,0.718992687132561
20,NCC(N)(COC(=O)C=O)c1ccccc1,0.3991241391137285
20,O=C1CC2CCCN2C1(c1ccc2c(ccc3c4c(ccc32)OCO4)c1)n1cnnn1,0.46747825710239943
20,CC(C=O)C(O)(O)C(N)C(=O)C=O,0.2518499263930236
20,CNCC(N)(C(N)=O)C1(C)N=NNC1C,0.4554688116804381
20,CCNC(=O)C(O)(O)C12CCCOC1C=Cc1ccccc12,0.7264604944584994
20,NC(=O)C(CO)(CO)OC(=O)c1ccccc1,0.5738406523688265
20,O=[SH](=O)CC1(NS)CCNC1Oc1ccc2ccccc2c1,0.6194582383071514
20,O=C(NC(O)C1(O)COC2C3=C(C=C4C=CC=CC42N1)OCO3)c1ccccc1,0.5489087336350881
20,NC(C(=O)C1=NNCc2c1ccc1ccccc21)C(N)(N)C=O,0.437568153492175
20,O=CC(CC1(O)C=CC=C2C=CC=CC21[SH]=O)[SH]=O,0.4906077706139011
20,NC(=O)C1(N)OCC=C1c1cccc2ccc3oc4cc5c(cc4c3c12)OCCO5,0.5332458898272525
20,CC(O)(O)C(N)(CC(N)=O)Cc1cscn1,0.4934001748463483
20,NC(C=O)C1(N)CNC2(CC2)CCC1(N)OC=O,0.33593244604096556
20,NC(Br)C(=O)N1c2cc3cc4c(ccc5c6cccnc6ccc45)cc3cc2NC2N=CCSC21,0.12472205395795397
20,CNCC(O)(C=O)C(C(=O)O)c1ccccc1,0.6063864227010964
20,CC(C)C(=O)OC1(C)CCC2c3ccccc3N=C3CCCC32C1,0.7037231995827886
20,CC1(C2(c3ccn[nH]3)N=CC=CN2)N=CN=CC12CCC1C=CCCC13N=CN=CC32,0.7269734805779591
20,O=CC(=O)C(=O)N1c2ccc3ccccc3c2OC23c4[nH]ccc4C=CC2NCNC13,0.33305891595493764
20,CNC(C)(NS)C(C=O)C(C)(N)N,0.22140038214562824
20,CC1(C)N=CN=CC1C(C)(N)C(=O)N1CN=CN1,0.6940882678153197
20,CNC(=O)C1(O)C=c2oncc2=CC1(O)c1cccc2c1OCO2,0.603920210935595
20,CC(=O)N1C(CN)(C(C)=O)COC23C=CC=CC12CNC3,0.7066861739308993
20,CC(Cl)(NC(=O)C(N)(N)N)C(N)=O,0.19158470840814468
20,O=C1c2nc3cc4ccccc4cc3cc2N2CC3(C=CCC3)CC3(OC=CO3)C23C=CC=CC13Cl,0.2118243060606259
20,CC(N)(N)C(=O)C(=O)Nc1cc2c([nH]1)CC1C=CC=CC1=C2,0.48872900751557047
20,O=[SH](=O)NC1(Br)C=Cc2c3c(c4c(c2C1S)C4)OC1=C(OCO1)O3,0.3809241740188445
20,CNC(CN)(SC(C)=O)C(=O)CN,0.48093084253763424
20,NC(C=O)(c1ncc[nH]1)C1(N)C=c2occc2=C2C=CC=CC21,0.6583000461354999
20,CC(O)(c1ccccc1)C1(O)N=NNN1c1n[nH]c2cc3ncncc3cc12,0.42768992946741236
20,CC1(OC(=O)C(=O)NCN)C=CC=C2CNCC21,0.33363804392624297
20,CNC(=O)C(C)(N)C(=O)C12CNCC1=CSC2,0.5773105404122567
20,NSCC(N[SH](=O)=O)(c1ccccc1)[SH](=O)=O,0.4033512768404427
20,FC1(C(S)(S)C2Cc3ccoc3-c3cnccc32)N=C2NN=CN2N1,0.36578849992248497
20,CCOC(N)(N)C(=O)NC(=O)CC,0.47364060989440865
20,CC(N)(C1OCCC12C=CC1=C(C2)OCC1)S(N)(=O)=O,0.7658414131799385
20,NC(N)(C(=O)C1(O)C=CC=CC1O)C1N=NNN1,0.29637259855926396
20,O=C(CF)C(F)(Cc1ccc2ccccc2c1)OCF,0.8098462443293938
20,O=CSC(O)(C(O)F)C1(F)C=CC=CC1F,0.5815177184840634
20,NCOC(O)C(O)(S)N[SH](=O)=O,0.21498517172018763
20,CC1(C(O)(O)C(O)C(F)(F)F)C=CC=CC1,0.6315013061024899
20,CCOC(N)C(O)(O)C(C)CC=O,0.37786012993399826
20,CN(C)C(N)C(=O)C(=O)Cc1[nH]cc2ccccc12,0.6115379683276891
20,C1=NC=NC23NC(Oc4cc5ccccc5c5ncncc45)CNC12c1c(ccc2nn[nH]c12)-c1cc[nH]c13,0.2613076003237102
20,O=C1C=CC=CC1N1N=CSC1(c1ccc2cc3c(cc2c1)CC=C3)c1nnc[nH]1,0.7099417535546232
20,O=C(CO)C(O)NC1(O)c2ccccc2C=CC1O,0.43233629234665083
20,NC(=O)C(=O)C(N)(N)NC(O)O,0.18615741494933105
20,NC(=O)C(NC=O)C1=CNc2c(ccc3c4c(ccc23)-c2ccccc2C4)C1,0.4837634146780081
20,NC(=O)C(N)(N)C12N=CC=C3c4ccccc4CCC31C=Cc1ccsc12,0.6991242468769151
20,N=CC(N)(c1cccc2sccc12)C1(C=O)NN=CC2=C1OCO2,0.5753060814411456
20,O=C(C1C=CC=CN1)C1(NCc2ccc3ccccc3c2)C=NC=CC1,0.8760308671404686
20,CN(C)C(=O)C(C)(C(N)=O)N(C)C,0.5690752832623241
20,SC(OC1=COCO1)C(S)(c1ccc2c3c(ccc2c1)OCO3)n1cnnn1,0.48186509362371116
20,CC(NN)(OC1(C=O)OC=CO1)C1=C2C=CC=C3C=CC=CC32NC=N1,0.29006046645967015
20,NC(N)(Cc1ccc2c3c(ccc2c1)CC=C3)SC(=O)c1ccccc1,0.687529296380991
20,O=C(O)C12C(=CC3=C(OCO3)C1C1=COCO1)C=Cc1cc3cncnc3cc12,0.835324637386181
20,CNC(C(=O)N(C)C(C)=O)C(C)C,0.6863666302391399
20,NC(OC(N)(N)C(=O)Oc1ccccc1)c1c[nH]cn1,0.3293948729868374
20,CC1(OC2(c3cc4c(c5ccccc35)OCO4)SC=NC2=O)C=CNc2ncnn21,0.6891251674241873
20,NCC(N)(C(=O)c1ccc2ccccc2c1)C(O)O,0.45636013685670196
20,NC1C=C2CCCCC2=CC1(SC1NC=NN1)C(=O)n1ccnc1,0.76181024480956
20,C(=C(COc1nnc[nH]1)c1cc2ccccc2c2[nH]nnc12)c1nncs1,0.48396539196965543
20,NC(Cl)CCC(=O)NC(F)(F)CF,0.533737236464019
20,CC(OC1(F)C=CC=CC1=O)C(F)(F)C1OC=CO1,0.7895325865182123
20,CNC(N)(N)C(=O)C12CC=c3ccccc3=C1OC1(CC1)O2,0.5948272178383931
20,CC(Cl)C(O)(CO)C(=O)C(C)(N)N,0.33500134530072656
20,NC1(c2cn[nH]c2)c2cncnc2-c2cc3c(cc2C1(O)C(=O)O)OCO3,0.4923514566435799
20,O=CNC(C(=O)c1ccccn1)(C1=CNCC=C1)c1ccsc1,0.6294774253306252
20,OC(O)(Br)C12C=NNC1(n1cncn1)c1[nH]ncc1-c1cc3ncncc3cc12,0.2476929023694453
20,CS(=O)(=O)NC(C(N)=O)C1CCc2cscc2N1,0.7188338718649209
20,NC(=O)C(N)(S)C1(O)c2ccccc2C=CC1(O)S,0.32933266997223776
20,CC1C=c2ccccc2=CC1(O)C(O)(C=O)C1(N)CNCCO1,0.47307385356851206
20,NC(=O)C(=O)C(N)(N)C1(N)C=c2ccccc2=CC1,0.339089606556474
20,NC(OC(=O)C1(N)CC=NN1)C1COc2c(ccc3ccccc23)N1,0.47252988997070605
20,NC(C(=O)c1ccc[nH]1)(c1ccccc1)C1(N)N=CN=C2C=NNC21,0.591485833932804
20,COC(C)(N)C(=O)C(CN)c1cn[nH]c1,0.5616795099812489
20,O=[SH](=O)C(Cl)(CS)n1cc2c3c(ccc2n1)CCCN3,0.5924357585942677
20,CC(c1ccn[nH]1)(C1CC2=C(OCC2)c2occc21)n1ccc2cncnc21,0.5901531793486541
20,NC(=O)C1(C(N)=O)NCC2C=c3c(ccc4ccoc34)=CC2C12CC=CCN2,0.38778311061394477
20,N#CC=C(C(N)=O)C(N)(O)O,0.1998632983053628
20,NC(=O)C(c1ccccc1)(c1cn[nH]c1)N(CO)CCl,0.412627334349379
20,CC(C(N)=O)(c1ccccc1)C1NCC2C3=C(C=CC21)OCCC3,0.8963115320123087
20,CCCC(NS)(c1ccccc1)C(N)[SH](=O)=O,0.5843805815028513
20,NC(C(O)(O)C=O)C12C=CC=CC1OC13OCOC1=CC=CC3N2,0.3658661206853002
20,CC(C(=O)OC1CC=NN1)C1C=CC=CC12CC=NC=N2,0.79791509041143
20,COCC(=O)C(NC(N)=O)c1ccc2ccccc2c1,0.8698498204653843
20,NC(NS)(C(=O)[SH](=O)=O)c1[nH]cc2c1Nc1ccccc1N2,0.2732602872752098
20,NC(F)CC(N)NC(=O)C(F)CF,0.4058403896857316
20,N#CC(N)(Br)c1cc2ccc3c(cc4ncc5c(n43)C34C=CC=CC3(NC5)OCO4)c2[nH]1,0.27986257855676683
20,O=C(C(=O)n1cncc1C1NC=C2C=CC=CC2N1)c1cnncn1,0.6020942237793292
20,CCCN(c1ncncn1)C(O)(CN)C(=O)O,0.5312294685533357
20,O=C(c1nnn[nH]1)C(Br)(c1ccccc1)N(c1ccccc1)C1OC=CO1,0.3666878129654389
20,NC(S)(S)C(=O)C1(CN2CCOCC2)N=NNCC1=O,0.28939230778989616
20,CCN(c1ccccc1)C(C=O)C(N)CN,0.6805794662195612
20,CC(C#N)NCC(C#N)N[SH](=O)=O,0.47019204501389983
20,NC(F)(CSc1nnn[nH]1)C1(F)C=CC=C2C=CC=CC21F,0.6525695653130001
20,NC(=O)C1(CC(O)C(=O)O)CCC2NCC13C=CC=CC23,0.5724173985000587
20,Cc1ccccc1C(N)(C=O)NC(N)C=O,0.45439107549117197
20,NC(=O)NC(N)(C(=O)C1CCCO1)c1ccc2c(c1)C=COC2,0.7073019928103623
20,O=[SH](=O)NC1(O)C=CC=CC1(O)c1nnccc1S,0.35717447429916505
20,CC(S)N(C)C(C)(C=O)N[SH](=O)=O,0.326941855899547
20,CC(=O)C(C(N)=O)(c1ccccc1)C(O)(O)F,0.49315978996878945
20,CC(O)(Nc1c2c(cc3c4ncccc4c4ccccc4c13)OCO2)C(=O)O,0.37167935252423456
20,NC(=O)C(N)(C(N)=O)C1CNC2C=CC=C3C=CC=CC321,0.48893422412454324
20,NC(=O)C(N)(N)N,0.2647306177223821
20,NC(N)(CO)C(=O)C1(Cl)OC=CO1,0.38783752622785217
20,C1=COC(c2cnnc3c2Nc2c[nH]nc2O3)(n2ncc3c4cnncc4c4c5ccccc5ccc4c32)O1,0.309300306192311
20,CNS(=O)(=O)C(C)C(O)(O)C(C)=O,0.47561480604438006
20,C1=NCc2c1c(-c1cnc3n1nc1ccncn13)cc1c2C23C(=CC1)C2OC1=C3CCCC1,0.42747529202418455
20,O=[SH](=O)C(O)(Cl)C(O)(S)n1ncc2ccccc21,0.36565312226902674
20,NC(=O)C(O)C(O)(c1nncs1)C12C=CC=CC1=CC=CN2,0.5925714748301503
20,NC(C(=O)C=O)N1C2C34C=CC=CC3=CC3(O4)C4=C(C=CC23CC12CCCC2)CCN4,0.5382165344725837
20,NC(N)C(=O)C1(O)Oc2ccc3c(c2O1)OC1=C(OCO1)O3,0.570388631167731
20,CNC(C=CO)(NC=O)C(C)CO,0.2534740857119177
20,CC(C)(N)C(=O)C(Nc1ccccc1)c1ccsc1,0.8799584643870579
20,NCC(=O)C12C=CN=CN1C=Nc1sc3c(c4c(c5ccccc53)C3OCC=CC3OC4)c12,0.5921713843349782
20,OC1(Br)C=c2c(c3cc4ncccn4c3c3c4c(c5c(c23)OCO5)OC=CO4)=C2OCOC21O,0.3282605123107118
20,O=CC1(NC(Cl)(C2=CCOCO2)c2cccc3ccccc23)C=COC2(OC=CCO2)O1,0.4155777596628426
20,COC1C=CC=C2C=CNC21C(=O)NC1(C=O)COCCN1,0.5765842700082537
20,NCNC(c1cn2ccsc2n1)C1(CC=O)C=CC=CC1,0.6324613588278695
40,CC(C)(C)C(=O)N(c1n[nH]c2ccccc12)C1C=CC=CC1,0.9151082469142003
40,CCC(C=O)C(=O)C(C)(N)c1ccccc1,0.6048135459410612
40,COC(CC(=O)OC(C)=O)NCF,0.2869577957036351
40,NC(=O)C(N)(N)C(O)(O)c1cc2ccncc2c2c1NCCO2,0.3625621085737331
40,CC(C(=O)C(N)(N)Cc1ccnc2ccccc12)c1ccccc1,0.7084945951514938
40,NC1(n2nnnc2O)c2ccccc2C=CC1(CO)c1cncnc1,0.5969013949473125
40,NC1(C=O)NC2C(=CC1(S)S)c1cc3c(ccc4[nH]cnc43)cc1-c1ncsc12,0.17889627721493426
40,NC1N=Cc2c(ccc3c2OCO3)C1(N)C(=O)Nc1cccc2ccccc12,0.635762613713831
40,CCC(N)(C#N)NS(=O)(=O)CSC,0.629979891846498
40,SC(n1cnnn1)C(S)(Oc1ccc2ccc3ccccc3c2c1)C1=COCO1,0.28712064271327087
40,CCC(N)NC(S)(S)C(C)C(C)=O,0.414721438199756
40,CC(c1ccccc1)C(N)C(=O)N1CCSC=C1C=O,0.857882723598575
40,NC(C(=O)C=O)(c1cccc2c1NCCC2)N1CC=c2ccccc2=N1,0.6110920347308411
40,NS(=O)(=O)CNCOC(=O)c1cscn1,0.39802677963580735
40,C=C(NCC)C(C=O)OC(N)C=O,0.40069664997029747
40,OC(Oc1ccc2scnc2c1)(c1nc[nH]n1)c1cc2c(c3ccccc13)OCO2,0.43025655181921707
40,NC(=O)C(N)(CBr)c1onc2c1c1c(c3cc4c(cc32)CCC4)OCO1,0.6310799933252607
40,NC(Nc1ccccc1)C(O)C(O)(F)c1ccncn1,0.5882726708013806
40,NC(O)(C=O)C(O)N1CC2C=NOC23C=CC=CC32NC=CC12,0.3573633173371113
40,NC(=O)C1(NC(O)(O)O)c2cn[nH]c2C=CC1O,0.2775059736288876
40,NC1(C2(O)N=CNC2=O)C=CC2=C(C3OCOC3C2)C1(O)F,0.45250761733216316
40,NC(C(=O)Nc1cscn1)(c1ccccc1)c1ccc2c(c1)C1C=COC1NC2,0.6219774621511118
40,O=C(Br)C(O)(O)c1cccc2c1OC1(OC=CO1)OC21CSc2ccc3c(c2C1)C3,0.417826249222348
40,NC1(c2nnn[nH]2)Oc2c(ccc3cc4ccccc4cc23)NC1S,0.3105202386285772
40,CC(C(N)=O)C(C)C(N)(N)C(N)=O,0.3731409183720938
40,N#CC(Oc1cccc2ccccc12)C(=O)C(N)N,0.7908442713981608
40,O=C(S)C(F)(S)Oc1ccccc1-c1nnc[nH]1,0.5923079954435674
40,CC(C)C(C)(C)C(N)(N)C(=O)n1ncnn1,0.6784937918816745
40,CC(C)(N)C(N)(C=O)C(N)C(N)=O,0.3591388758222763
40,CNS(=O)(=O)C(C)(C=O)C1CCNC2(CCCNC2)C1,0.6160998686214334
40,O=C(O)C1(O)C=CC=C2C=CC=CC21Sc1c2c(cc3ccncc13)OCCO2,0.8071672532823431
40,NC(=O)C1(N)C=Cc2ccc3c(c2C1(S)S)OC1(CC12CC2)O3,0.45814772769112033
40,NC(=O)C(O)(C(F)(F)F)C(F)(F)F,0.6134935234518128
40,CC(O)(C(=O)C1(CO)C=NC=CC1=O)c1ccccc1,0.7867985763697461
40,C1=Nc2cc3n[nH]c(OC(c4cc5ccncc5c5ncncc45)n4cncn4)c3cc2CCC1,0.3884809084650543
40,NC(N)(c1cscn1)C(C(=O)c1ccccc1)c1cnc[nH]1,0.4892724855532377
40,CC(NC(=O)c1ccccc1)C(C)(N)C(N)=O,0.6850833407378176
40,CC(C(N)c1ccc2c(c1)COC2)S(=O)(=O)n1cccc1,0.9341877759274363
40,NC(N)OC(=O)C12NC=CC1=Cc1ccccc1C2C1C=NCC1,0.5650899470491971
40,NC(N)(C1C=NOC1c1ccccc1)C(O)(O)C=O,0.4014962264648039
40,N#CCNC(N)(S)C(S)C(N)=O,0.21751280665667708
40,COC(O)(F)C(=O)NC(O)(F)CF,0.40209446922669434
40,CC(C)C(N)(N)C(=O)N(C)S(C)=O,0.581335150202152
40,O=C(O)C(O)(CCl)C(S)[SH]1C=NN=C1,0.4308956578640937
40,BrC(Oc1nnc[nH]1)C12OC3(CC=CC3)OC1c1c(ccc3cncnc13)-c1cnccc12,0.32958307805949566
40,CCCNC(C=O)C(C)(C)C(C)N,0.6066420646395024
40,NC1(c2cccc3scnc23)C=CN=CN1C(=O)CC(S)S,0.5877834741898896
40,NC(O)(C=O)C(O)(S)C(F)S,0.22262463087137693
40,CC(O)(F)NC(C)(C)C(=O)C(F)F,0.5203470876507315
40,CC(C=O)(OC(=O)CN)C1=COC2C=C3CNCCC3=CC2=C1,0.5801708819361407
40,NC(N)(Cl)C(=O)c1cc2c3c(c4c(c2c2cn[nH]c12)C1(C=CC=C1)C=C4)OCO3,0.2606263944162477
40,CC(=O)NC1(C)c2ccc3ncc4nncnc4c3c2C=C2C=CC=C3OC=COC231,0.6146219668875004
40,NCC(S)(NCOc1nnn[nH]1)C(=O)S,0.29738224827992743
40,CCC1(C(Nc2nnco2)C(N)=O)C=Cc2ccccc2C1,0.8801512720955832
40,C1=c2nn[nH]c2=CC(Cc2cccc3oc4ccccc4c23)(n2cncn2)C1,0.5256868635576069
40,NC(N)(C=O)C(=O)c1cc2c(c3cc4c5c(ccc4cc13)OCCO5)COC2,0.2347555621597914
40,NC(=O)C(N)c1cc2cc3c(cc2c2cnc4c(c12)CCC4)OC1(OC2=C(OCO2)O1)O3,0.5783211540954408
40,NC(=O)C1(C2=CNc3c(c4ccc5c(c4c4ccccc34)C5)C2)Oc2ccccc2O1,0.4262893855753652
40,CCC(C(N)=O)C(Cc1cc[nH]n1)C(C)C,0.7706359396873276
40,O=C(Nc1cc2ccccc2c2cc3c(cc12)CNC3)C(=O)n1cnc2c1CNCN2,0.2832598129587505
40,NC(N)(N)C(=O)N1OC=CC12C=CC=CC2,0.4961147766232036
40,NCC(C(=O)Nc1cccc2ccccc12)C(N)C=O,0.7029387867298136
40,CC(C)(C(=O)CCc1ccccc1)C(=O)c1cncs1,0.602673317545488
40,CNC(C)(C(C)C)C(N)(S)C(=O)S,0.4174914419056574
40,NC(N)(C=O)C12c3c(ccc4ccccc34)NN1N=C1C=Cc3cnccc3C12,0.4623343872433942
40,NC(N)(C=O)C1(c2c3c(cc4c2CCO4)CCNC3)CN=CN1,0.41601413857723724
40,CCSC(Cc1ccccc1)(C(=O)NC)n1cnnn1,0.8615557940085898
40,NC(=O)C(N)(F)C(F)(F)Br,0.5117582435388237
40,O=C(O)C(O)(O)O,0.2830849793145727
40,NC(=O)C1(C(O)(C(=O)O)c2ccccc2)CSc2ccccc2N1,0.6668451767244614
40,O=CNC(=O)C1(c2cccc3c2NCCO3)NCc2cc3c(cc21)OCO3,0.6917510883391825
40,CC(NC(N)N)(C(=O)C=O)C1C=CC=CC1,0.32940369068599895
40,CNC(=O)C(C)(C(=O)C(N)=O)N1CCCC1,0.45811898093111597
40,O=COC(O)(CO)C1(c2ncno2)C=c2ccccc2=CC1,0.529112551317455
40,NC1(C(N)(C(=O)Cl)C2(Br)OC=CO2)COC=CO1,0.5572593555187186
40,NC(=O)C(O)(O)C(=O)C(=O)C1CCCN1,0.22557979927292138
40,O=C(CC1CCOC2C=c3ccccc3=CC12)C1NC23OCCC2=CC=CC3=C2NCC21,0.7602494392715551
40,NCC(N)(NC=O)C(=O)Cc1cncs1,0.41001374265923896
40,NC(=O)C(c1ccc2c(c1)OCO2)C1CC23C=CC=CC2=C2OCOC2=CC3C2(N1)OC=CO2,0.7048227417404911
40,CC(N)(c1ccccc1)C(N)(O)C(=O)C1=CNC2(CCCCO2)NC1,0.4866634788927657
40,NC(O)(C(=O)O)C(=O)C1(N)C=CC=C2C=CC=CC21,0.39028067869126826
40,NC(N)(C(=O)O)C1c2oncc2C=NC12C=Cc1ccccc1C2,0.704090821324673
40,CC(S)(C(=O)S)N1N=NNC12C=CC=C1NCc3ccccc3C12,0.6119262659864182
40,CC(=O)C1(OC=O)C=C2OCOC2=CC12SC=CC2C,0.7409764487322301
40,O=CN1c2nc3ccccc3nc2CC1(C(=O)n1cccc1)c1ccccc1,0.5210007248590153
40,CNC(=O)C(N)(C1CC2C=NC=NC2CO1)C1(N)CCCc2ccccc21,0.7197227350832724
40,CC(=O)C(C)C1(OC2OC=CO2)C=CC=C2C=CC=C3OCCOC231,0.7808047807426935
40,NS(=O)(=O)C1(O)C2=C(OCC3N=CC=CN23)c2ccc3c(c2C1O)OCCC3,0.5966614700851168
40,CNCC1(C)C=Cc2[nH]cnc2C1OC(C)(C)O,0.7083366763250015
40,CC(=O)C(NC1C=c2c(c3ccccc3c3ccccc23)=NN1)C(N)=O,0.46663012248478464
40,O=C(c1cccc2ccccc12)C(F)NC(O)(O)CO,0.3642335952851542
40,NC(N)(C(=O)C(=O)O)C12Cc3ccccc3C=C1OCO2,0.5103298668499563
40,CC(N)(C(N)=O)C1(C)N=CSC12CC1CCCC13C=CC=NC3C2,0.8010480092236563
40,CC(C=O)C(=O)C(C)(O)C(O)N1CCNCC1,0.39708138429421824
40,Brc1c2c(c3c4c(c5c(c3c1-n1cncn1)CC=C5)C=CC4)C=CC21COC2N=CC=C3C=CC=CC32N1,0.43529749994535555
40,NC(=O)C(N)C(O)(CO)CC1CCCC12C=CCCC2,0.5483621785193927
40,NC(O)(C(=O)O)c1cc2c(c3c1CNC1(CCOC1)C1OCOC31)CCc1cncnc1-2,0.47397020417740754
40,COC(N)C(C)(c1ccccc1)C1(c2ccccc2)C=CN=CN1,0.8325660456283864
40,NC(N)(C(=O)O)C(=O)c1cc2c(c3c1ccc1ccccc13)NCNC2,0.20849073963978887
40,CCS(=O)(=O)NCC(N)(N)C(N)=O,0.35825279614879574
40,CC(=O)C1(c2ncc3ccccc3n2)NN=CN1C1(C)C=CC=CC1,0.9343477801144913
40,CC(N)(C(=O)C1(N)C=NOC1)C1CC2C=CC3=C(OCO3)C2C1,0.7798091566306271
40,NC(=O)C1(CC(N)c2ccccc2)CCCN1C=O,0.7585416823799463
40,CN(C)C(N)(C(=O)c1ccccc1)c1ccccc1N,0.5043564158638741
40,N#CC(=O)C1(Cl)C(=O)C=NC2=C1OCc1ccc3[nH]cnc3c12,0.4848945565534518
40,CCCOC(=O)C(N)(NC)C(N)=O,0.2712541276256859
40,BrC1(SCc2cc3cc4cncnc4cc3c3c4c(ccc23)OCO4)OC=COC12OC=CO2,0.1868110179928312
40,NC(=O)C1(C(N)(C(N)=O)c2ccccc2)CN=CNC1,0.527208183032461
40,c1ncc(C(Cc2cnc[nH]2)(c2cc3c4c(ccc3c3occc23)OCO4)n2cncn2)cn1,0.4235918124901912
40,CC(n1cccn1)C(N)(C(S)S)N1CNC=N1,0.46305049976571183
40,NC(=O)C1(C(N)c2ccc3ccc4ccccc4c3c2)COc2cnccc2N1,0.47102986491271404
40,CCC(N)C(N)(CN)C(=O)NC=O,0.3595484219196966
40,CC1(C=O)C=CC=CN1C(O)C(O)c1ccc2ccccc2c1,0.8521563888906447
40,CNC1(C(N)(O)C(C)C(C)O)C=CC=CC1,0.5136478531355516
40,COC(C)(c1ccccc1)C(c1cnoc1)N1CNCC1=O,0.9095806473659184
40,CNS(=O)(=O)C(C)C(C)(C)c1ccccc1,0.8748529555674437
40,NC(=O)C(N)(C=O)C1(N)C=NNc2ccc3ccccc3c21,0.45859848137776604
40,CC(C1OC=CO1)C(S)(N[SH](=O)=O)c1cccc2ccccc12,0.5720973551119805
40,O=C(OCF)C(F)(CF)C12C=CC=CC1NC=C2,0.7813534981140465
40,O=[SH](=O)N(CC1(F)C=CC=CC1F)C(F)S,0.45824112848011317
40,NC(N)(C(=O)NC(F)F)C1(F)CCCC2C=CC=CC21,0.5390212000976479
40,OCCC1C=NC=CC12C1=C(C=CCC1)C=CC2(O)Oc1cnon1,0.8117609952238647
40,CC(=O)NC(=O)C(N)(C=O)N1CC=CNC1,0.37521990870938193
40,NC(N)(Cc1ccc2c(c1)NC1c3ccccc3C=CC1N2)C(=O)O,0.5472042905254517
40,NCC(=O)C(N)(OC1C=Cc2ccccc2C1)c1nn[nH]n1,0.6334119384179969
40,NC(N)(C(=O)O)C(OCO)Oc1ccccc1,0.4735424104107043
40,NC(C(=O)F)(C(=O)N1C=C2C=CC=CC2NC1)c1cccc2cccnc12,0.6387152097574675
40,CNC(=O)C1(C=O)Nc2sccc2C1(N)c1ccccc1,0.5844841354546982
40,NC(S)C(=O)C1(S)Nc2cscc2OC12OC1=C(O2)c2ccccc2C1,0.4533848282844829
40,NC(N)(N)C(=O)C1(c2cn[nH]c2)CC2=C(S1)c1conc1C2,0.5679454213347018
40,NC(=O)C(O)(C(=O)O)N1CCCC1c1ccccc1,0.6681488981324486
40,NC(=O)C(N(C=O)c1ccccc1)N1CNC2OC=CC21,0.7173642533381537
40,O=C(O)C(O)(S)C1(S)NN=Cc2cc3cc4cc[nH]c4cc3cc21,0.3116510373065343
40,CSC1C=CC=CC1(C)C(OC(C)N)c1nnc[nH]1,0.8070419061794065
40,N#CC1c2ccccc2ON1C1(C(=O)C(S)S)OC=CO1,0.6528962135504464
40,O=CC(O)(O)C1(c2ccccc2)NC=C2C=CC=CC23C=CC2=C(OCO2)C31,0.549664640489948
40,NC(N)C(N)C(N)C(N)(N)C=O,0.185386359212295
40,NC(NC12CCOC1OCC1N=CC=CN12)(c1ncc2ccccc2n1)C(O)O,0.4944732173908394
40,OC(c1cncs1)C(C1OC=CO1)C1(O)C=CC=C2C=CC=CC21,0.8792128006157582
40,NC(N)(C(=O)C(O)(O)C=O)c1cccc2ccccc12,0.33349209190202317
40,NC(=O)C(F)(c1ccncn1)N(Cc1c[nH]nn1)c1ccccc1,0.6505350282060237
40,OC1(c2nncs2)C=Cc2c(c3cnncc3c3c4c(ccc23)OCCO4)C1(O)c1nnc[nH]1,0.3228565077569573
40,O=C(C(F)Cl)C(F)(S)C(F)(S)n1ccnn1,0.6525837460699693
40,NC(=O)C(c1ccccc1)(c1ccccc1)C12NOC=C1OCO2,0.8911752345379639
40,CC(N)(N)N(C=O)C(N)(C=O)c1ccccc1,0.44989231071264474
40,CC(=O)N(CCl)C(N)(Cl)C1(C)C=CN=CC1,0.48035285672554195
40,NC(O)(C(=O)n1cccc1)C1OC=CO1,0.6495793047797647
40,NC(N)(O)C(=O)c1cc2c3c(c4ccccc4c2c2c1OC1C=CN=CC1=C2)OCO3,0.33237057994635466
40,NC(=O)C(O)(O)n1cc2cc3c(cc2n1)OC1CC1O3,0.6073469511450574
40,NC(N[SH](=O)=O)C(S)C(=O)c1csc2c1CCCC2,0.36147314140067166
40,NC(N)(C=O)C1(Sc2ccncc2)C=c2nc[nH]c2=C2C=CC=CC21,0.5212264017425107
40,NC(O)(O)C(OC=O)(c1ccccc1)C(F)F,0.49950383617006394
40,NC(=O)C(OC(N)c1cc2ccccc2c2ccccc12)C1OC=CO1,0.5445947632782524
40,CC(N)(C=O)C(S)(S)c1cnc2cc3c(cc2c1)[nH]c1ccccc13,0.25283413147705397
40,CCC(OC)(C(N)=O)C(N)CC=O,0.5323686140915425
40,CCC(C)(N)C(C(C)=O)C1(O)C=CC=CC1,0.7600226296496321
40,CS(=O)(=O)C(C=O)(Nc1ccccc1)OCN,0.5471425400666172
40,CC(c1cnon1)(n1cnnn1)C1(Nc2ncc3ccc4c(c3n2)CC=CC4)CCCC1,0.4773543049286616
40,NC(=O)C(N)C1(c2cccc3c2CCO3)Nc2occc2C2Oc3ccccc3C21,0.619559799458083
40,CC(CC#N)C(C=O)OCNC=O,0.33804229710023337
40,NC(=O)C(N)(C(=O)F)N(c1ccccc1)C1NC=CN1,0.3147229041073887
40,Cc1c(C2(C3C=CC=CC3)OCCN2C)ccc2c3c(ncc12)CCC3,0.8114967505677768
40,CC(NC12CSC=C1C1OC3(CCC4CC=CC43)OC13OCOC23)c1nnco1,0.7441980544716763
40,CCC1(Oc2ccccc2)C=C2OCOC2=CC1(O)C1OC=CO1,0.9151928819803646
40,CSC(N)(c1cn[nH]c1)C1(c2ncnc3c2OCCO3)NCC2(C=CNC2)C2C=CC=CC21,0.49633549169993246
40,CCC(=O)C(N)(N[SH](=O)=O)C(N)N,0.2414049025426707
40,CC1(N2C34C=CC=NC3=Cc3ccccc3C43NN=CN3C34C=CN=CC23c2ncncc2C=C4)NC=NN1,0.530262634651805
40,NC(=O)C(N)(C(F)F)C1(F)C=C2OCCOC2=CC1,0.7799861006564456
40,NC(=O)C(N)C1(c2ccccc2)CNC23C=CC=CC2(C3)C12CC1C=CNC1C2,0.6310059158959945
40,NC1(O)C=NC=NC1(c1ccccn1)C(S)(S)C(=O)O,0.38668335660041897
40,NCC(NC(N)C=O)C(O)(O)CN,0.185586241851862
40,NC(N)C(O)(O)C(S)(S)C(=O)c1ccccc1,0.24832177334670508
40,SC(S)(n1cnnc1)C1(c2nnc[nH]2)NN=C2C=c3cncnc3=C3CCOC231,0.2883798086046285
40,CCN(C)C(C)(N)C(C)(N)CC=O,0.4662300430682211
40,CCC1(C=O)N=CC(NC)=C1S(=O)(=O)NC,0.6330204500986893
40,CCN(C)C(C)(CC(=O)[SH]=O)NS,0.4526375666356429
40,CC(C)(C=O)N1CCc2c(c3c(c4cnoc24)C3)C1c1cn[nH]c1,0.5861867577054437
40,O=C(NC1(c2cccc3ccccc23)COCCN1)C(=O)c1ccccc1,0.5544091445995092
40,NC(C=O)(NC(=O)N1CNC=CC1=O)c1ccccc1,0.5141031848182326
40,O=S(=O)(NC1(CO)CCCCO1)c1ccc2ccccc2c1,0.9030487763743279
40,CC12SC=CC1CCCC2C(N)(C(N)=O)C(N)=O,0.6301294638881857
40,CC(=O)OC1(CC=O)c2ccccc2NC1(F)F,0.5099633709299913
40,O=C(O)C1(O)C=CC=NC1Nc1cc2c3c(ccc2c2c1C2)OCO3,0.6715699271446175
40,CC(=O)CN(C1NC=CCN1)C1(C(=O)c2ccccc2)C=CCN1,0.5253303874363777
40,NCC(N)(O)C(N)(O)C(=O)c1ccc2ccsc2n1,0.34659571321448435
40,NC(=O)C(N)(C1OC=CO1)C1(O)C=c2ccccc2=CC1O,0.48392144169728046
40,O=CC(Sc1nccnn1)(c1cc2ccccc2[nH]1)c1cccc2c1C=CC2,0.4132400351322302
40,CCCCC(N)(S)C(N)=O,0.40939146811532007
40,SC(c1cc2cc3c(cc2c2ccoc12)C12CC1=NC=NC2N3)C1(S)NC=NO1,0.4768564420825305
40,N#CC1(Cl)NN=CC1(Cl)n1ncc2c3c(ccc21)OC=CO3,0.637579033675336
40,CC(C=O)(Nc1ccc2c(c1)OC1(Cc3ccccc3C3OCOC31)O2)c1nncs1,0.6224795257868525
40,NC(N)(C=O)C(=O)c1cc2c(c3cc4c(cc13)OCO4)CNCC21CC1,0.32174599869121884
40,CCNC(C(=O)C=O)C1C=Cc2ccccc2C12CSC=CN2,0.6401079577132718
40,NCC(=O)C(N)(N)c1cncn1CN,0.3909950071023351
40,NC(N)C(N)(C(=O)C1CCCOC1)c1csc2ccccc12,0.7367466058507959
40,O=CC(=O)C1N=NC=CN1c1csc2c1C1C(C=C2)Nc2ccccc2C12OC=CO2,0.5849014913262446
40,NCC1(SC(=O)C(N)=O)CNC2NCNC23C=CC=C2C=CC=CC213,0.3949252721881499
40,CN1C=NSC1C(=O)C(Cl)c1cccc2cc3c(cc12)OC1(CC1)O3,0.6021093440783243
40,NC(C=O)(C(O)n1cnnc1)C12C=c3ccccc3=C3OCOC31COC2,0.5945299870187404
40,CC1(C(C)(NCc2cncs2)c2ccc3c(c2)C3)NC=CN1,0.6771434909062871
60,CC(=O)C1(C)NC=NN1C1(N)C=CC=CC1(C)C,0.7629377363418705
60,NC(=O)C(=O)C(F)N1CN2CCNC2c2ccc3c(c21)NCC3,0.5227687831117798
60,O=C(F)C(=O)C(NC12C=CC=CC1C=CC=C2)c1cccnc1,0.6699506825532555
60,CNC(O)(CO)C(=O)c1cc2ccccc2c2c1OCO2,0.565674869001281
60,CC(=O)C(O)(Cc1c2ccccc2cc2cnccc12)NCF,0.4318924978695701
60,NC(O)C(O)(C1CC=Cc2ncncc21)N1NC=C2C=CC=CC21,0.5856259233403598
60,NC1(SC(=O)c2cscn2)C=CC=C2C=CC3=C(OCCO3)C21O,0.7737458382258646
60,NC(N)C(N)(C=O)NC(=O)c1cccc2cc[nH]c12,0.35430626662018
60,NCC(CC[SH]=O)(NS)S(N)(=O)=O,0.3385886313040467
60,O=[SH](=O)NC1C=Cc2c3c(c4ccncc4c2C1(S)c1nnn[nH]1)OCO3,0.4541446194994842
60,NC(=O)C(N)(S)C(S)c1ncnc2c3c(ccc12)C1C=CC=CC1=CC3,0.4841201442920702
60,CC(C)NC(=O)C(Nc1ccc2c(c1)COC2)c1ccsc1,0.8880121188546252
60,CC1(C(C=O)Nc2ccccc2)NN=CC12NCC1(CCOC1)C1SC=CC12,0.6740257191165875
60,CC1C=c2oc3ccccc3c2=CC1(N)NS(=O)(=O)c1ccccn1,0.673171713492836
60,NC(c1cc2ccccc2c2ccoc12)(C(O)C(=O)O)n1cncn1,0.5112421794568606
60,NC(O)C(O)(Cn1cnc2ccc3cc4c(cc3c21)OCO4)c1cnon1,0.4374198896212475
60,NCC(N)(O)C1(C(O)Br)C(=O)C=Cc2oncc21,0.4070205392208753
60,CNC(c1ccncn1)C1(O)C=CC=CC1(O)NCF,0.4410202382743373
60,NC1(N2c3ccc4cncnc4c3NCC23CC2(C=C4C=CNC4C2)c2cnccc23)N=CSC1=O,0.4684456475691296
60,N#CNC(N)(c1ccccc1)C(O)(O)C(N)=O,0.23282870124569613
60,NC(c1ccccc1)(C1OCOc2c1ccc1c2OCO1)C1(N)C2COCC2C2C=NC=NC21,0.7123584225385691
60,CC(NCN)C(=O)Nc1cc2ccc3c(c2c2ncsc12)COC3,0.633254586549201
60,OC(O)(Br)C1(c2cc3c(c4c2ccc2cc5c(cc24)OCCO5)OCOC32OC=CO2)OC=CO1,0.28207612205102156
60,SC(c1cccc2c3ccccc3n3nnnc3c12)N1CCOCC1,0.44447964985957966
60,CC(=O)NC(C=O)(CN)C(N)c1cccs1,0.6206404259029125
60,N#CC1(C(=O)C(N)(N)O)OC=CO1,0.4178368988695248
60,CC(N)(CO)C(O)(C=O)OC(N)=O,0.29133085730411734
60,CC(C(C)(C)N)C(C)(C=O)C(N)N,0.419646640506432
60,CN(CC(N)C(N)(S)C=O)[SH](=O)=O,0.23701056172146492
60,C=C(C)NC(C(=O)c1ccsc1)C(C)(N)N,0.529840504996286
60,O=C(O)C(O)(S)C1(S)C=c2nc3ccccc3nc2=CC1,0.46122839821218375
60,CSC(C(=O)c1nnn[nH]1)c1cccc2cc3c(cc12)OC1(CC1)O3,0.7204847353542428
60,NC(C=O)(C(=O)c1ccccc1)C1(CCF)C=CNC=C1,0.47498867132394956
60,O=CC(O)(O)C(=O)C(O)(CO)c1ccccc1,0.2773270592353138
60,c1ccc2c(c1)CNCC2(Oc1nnc2ncncn12)c1c2ncncc2cc2ccc3cc4c(cc3c12)OCO4,0.2606687859173736
60,CC(C)(c1ccc2[nH]ccc2c1)C(N)(c1cscn1)n1cncn1,0.5990070805275879
60,NCC1(C(N)(C=O)Cc2cccnc2)C=c2ccoc2=CC1,0.7403958165689146
60,CCC(O)C(C)(O)C(N)S(N)(=O)=O,0.4318915618741866
60,CC(OC1(N)C=CC=CC1)(C(N)=O)c1cccc2[nH]cnc12,0.7424392075359778
60,CC(Cc1ccccc1)(C(=O)c1cnoc1)C(N)N,0.6239210691419759
60,CC(=O)C(N)(S)C(C)(S)N1C=Nc2oncc2C1,0.5693573342914413
60,CC(O)OC(F)(F)C(=O)C(N)(N)O,0.39212442260859104
60,CCC(N)(c1cccc2occc12)C(N)(C=O)NC,0.5526119234405648
60,NC(=O)C(O)(Cl)C12C=CC=CC1=NC1=C(N=CNC13OCCCO3)C2=O,0.552522029627975
60,NC1(N)C=c2ncsc2=C2c3c(c4c(c5c3C3=C(C5)NCCO3)OC=CO4)C=NC21Br,0.27296598041443376
60,CCNCC(=O)C(=O)C(CC)CN,0.5362886456522952
60,NC(=O)C(N)(S)C(O)(O)S,0.21268303141536907
60,NC(CF)(OC=O)C(=O)C1=C2C=c3ccccc3=CC2NCN1,0.4474009713717289
60,CNC(=O)C(N)(F)C1(F)C=C2NC=CCC2=CC1=O,0.614393057800118
60,CC1(C(CN)(C(=O)CCN)c2cc[nH]n2)CCNCC1,0.581757414591405
60,O=C(O)C(O)(Cl)C(Nc1cnccn1)c1ccc2nn[nH]c2c1,0.5052406596226999
60,O=C(CNc1c2c(cc3c1ccc1nc4c(cc13)OCO4)Cc1ccccc1-2)C1=CCCC1,0.36349453877951915
60,NC(O)C(=O)SCC(=O)NCC1C=CN=CN1,0.43023641897357845
60,CNC(C=O)(C(O)O)C(N)CCCl,0.24095441597291967
60,NC(c1ccc2c(c1)OC1c3nc[nH]c3C=CC21)C1(N)NC2(NC1=O)OC=CO2,0.4833734651946362
60,CC1(C(=O)CC=O)C=c2ccccc2=C2C=CNC21N1C=CCC1,0.6593887228177283
60,NC(N)(C=O)c1c2[nH]c3cc4ccccc4cc3c2cc2ccc3c(c12)OC1(OC=CO1)O3,0.2824900378849547
60,NC(O)(C=O)C1NC=C2C=c3c(ccc4ccccc34)=C3C=CC4=C(C5=C(C4)OCCN5)C231,0.405475351635641
60,CCC(N)C(O)C(O)(CC)CC=O,0.5058215459275534
60,NC(=O)NC(=O)C1(N)NC2NC=CC23C=CC=CC32CNCNC12,0.28100554738510214
60,CC(O)(CC=N)C1SC=CN1c1cccc2c1ccc1[nH]ccc12,0.6158672661958009
60,CC(N)C(OC1COCCN1)C1(C)C=CC2=C(CCC2)C1=O,0.8185865432590433
60,O=CC(C(=O)c1ccccc1)(C1=CCOC1)c1csc2cnc3c(c12)NCCN3,0.2930890728276591
60,O=C(NC(S)(S)C12C=Cc3ccccc3C1ON=C2)c1ncn[nH]1,0.4968484647362164
60,O=C1C=c2ccccc2=CC1(CN1Cc2ncnnc2N1)n1cc2cccnc2c1,0.543503948119438
60,CC(C)(C(N)=O)C(C)(C)C12C=CC=NC1CCNC21NCCO1,0.7170541939703248
60,NC(=O)C1(Br)C(=O)C=C2C3=C(C=COC3)c3cc4ccccc4cc3C23NN=NN13,0.38325531728742984
60,O=C(CF)C1(F)C=Cc2ccccc2N1CF,0.7580990947394753
60,NC(=O)C(N)(O)OCO,0.3090004232272248
60,CC1(C(N)OC=O)C=Cc2c3c(c4ccccc4c2C1=O)SC=CN3,0.6498724664564983
60,NC(N)(C=O)C(=O)N1Cc2cocc2C1,0.3667102709920695
60,CC1c2ccccc2N=CN1C(=O)C1(N)C=CC=CC1(C)N,0.8282651598384273
60,CC(S)C(=O)C(S)(NC=O)N1CCCc2ccccc21,0.44030978937983245
60,CC(O)(OC(=O)C1(O)CC=Cc2ccccc21)c1ncon1,0.6452272238334773
60,NC(=O)C(N)(Br)C(O)c1ccc2c(ccc3cc4c(cc32)OCCO4)c1,0.3445612229973784
60,O=CC1(N2CCC3=C4C=CC=CC45CCC32O5)C=C2COCC2=CC1(O)O,0.5574924804780879
60,CC(CO)(C1CNCCO1)C(N)(O)C(=O)c1ccccc1,0.4311107123401308
60,CC(=O)C(C(C)N)C(C)(N)C(N)=O,0.509599861834753
60,O=C(CS)N(c1nnc[nH]1)C12C=C3OCCOC3=CC1=CC=CC2S,0.6957164384763492
60,CCCC(=O)C(C)(CC)C(N)NC,0.6142832122740445
60,CNC(=O)C(N)(C(N)=O)c1ccc2ncc3ccccc3c2c1,0.4899927101520784
60,NC(=O)C(N)(O)C1(c2cscn2)OC=CO1,0.582151902048725
60,O=C(C(=O)n1ccc2cc3c4c(ccc3cc21)OCO4)n1ncnn1,0.44866350037938285
60,CC(=O)C(O)(O)C(O)(CN)C(C)=O,0.3654544127816611
60,CCN(C1C=CC=CC1)C(C)C(=O)Nc1nnc[nH]1,0.8384856230637003
60,NCC(S)(S)C1(C=O)CCCCC1(N)n1cncn1,0.3606579579383997
60,CC(O)(O)SC1(c2nnco2)C=c2cc3c4c(ccc3cc2=CC1)OCO4,0.6504661929958944
60,O=C(S)C1(N[SH](=O)=O)CNC2c3ccccc3C=C3OC4(NCCO4)OC321,0.40319390640516956
60,NC(=O)C(N)(c1cc2ccccc2c2c1OCCN2)C12OCCNC1=Cc1ccccc12,0.5087409278396543
60,NC(=O)C(N)(C=O)N1N=c2scnc2=C2C3=C(C=C4C=CC=CC421)OCO3,0.4794845244825752
60,O=C(CS)C(O)(O)C(F)S,0.35123129365973127
60,NC1(C(=O)Cc2cc3c4c(ccc3c3c2OC25C=CC=CC2C5N3)OCO4)C=CCC1,0.7495004389331038
60,CC(=O)C(N)(CN)C1(N)N=CN=CC12CSC=N2,0.5735285536836305
60,CC(N)C(c1ccccc1)C1(C(=O)C2CCCNC2)CCCCO1,0.8709670056908025
60,O=CC1(Br)Nc2c(c3ccc4c(c3c3cc5[nH]ncc5cc23)OCO4)C12Oc1ccccc1O2,0.14116592616461998
60,CC(C(=O)C(C)(C)Nc1cnoc1)c1ccccc1,0.8941142068231615
60,CC(N)(O)C(O)(C=O)C1C=CC2=C(NCCC2)C1=O,0.3838969945320635
60,CC(C)NC1(c2ccncn2)C=c2ccccc2=CC1(C)n1cccn1,0.7796153150448194
60,O=C1C=c2oc3ccccc3c2=CC1(O)c1cc2c3c(ccc2c2c1OC1N=CNC1O2)C=CC3,0.4508605385600612
60,NC(=O)C(N)(N)CC(N)(CS)NS,0.2050213633917163
60,CCC(C)(C)C(=O)C(C)(C)NCN,0.6358240754020701
60,NC(=O)C(N)(Cc1cnoc1)c1cc2c(oc3ccccc32)c2c1OCO2,0.5672893265208157
60,CN(S)C(C(N)=O)C(C)(N)[SH](=O)=O,0.41176560195698775
60,NC(=O)C(F)(C(N)=O)N(C1=CNCC=C1)c1ccccc1,0.5296834811389346
60,O=C1Nc2cc3c(cc2C1Br)C=NN1Cc2cncnc2C31,0.7344513707550386
60,CCS(=O)(=O)N(C)C(C)(C=O)NC,0.4838842520239879
60,O=[SH](=O)C1(OC(S)(Br)n2cnnn2)OC=CO1,0.4202963123316244
60,CCC1(N)C=Cc2cc[nH]c2C1(N)C(=O)C(N)=O,0.5300513319170527
60,CC(N)(N)C(N)(C(=O)c1ccco1)c1ncc2ccccc2n1,0.4808836411690625
60,NC(OCC(N)(Cn1cccn1)c1ncn[nH]1)c1ccccc1,0.5471198624742104
60,CC(=O)C(N)N(Cc1ccccc1)C(C)(C)N,0.748436758321457
60,NCC(N)(C(=O)c1ccsc1)S(N)(=O)=O,0.5790435555770359
60,CC(=O)C1(N(C)S(C)(=O)=O)C=CC=CC1N,0.7361344622809737
60,CNc1cc2cnccc2cc1C(c1nnc2oncn12)C1C=CC=CC1,0.6005463774136505
60,NCC(N)(C(=O)c1cccc2snnc12)c1noc2cc3ccccc3cc12,0.4532262140743987
60,CCOC(C)(C)NS(=O)(=O)C(C)=O,0.6723914947003701
60,CCC(C)C(NC=O)C(C=O)NC,0.5473272068829531
60,Cc1ccccc1OC(C#N)C(=O)Nc1ccccc1,0.9250760417064194
60,NCC(O)(C=O)C(N)Oc1cc2ncccc2c2ccccc12,0.3672045899337554
60,COC(S)(CO)C(N)(O)N[SH](=O)=O,0.2214269705674175
60,CC(C(C)(C)C=O)C(N)(F)C(N)N,0.32323265569361037
60,CC(=O)CC(O)(CCO)Oc1cccc2ncncc12,0.7663058125678873
60,NCNC(C(=O)C1CCCC1)C(S)(S)n1cnnc1,0.4508209928625888
60,O=CN1c2ccccc2C2OCOC2C1(c1ccccc1)c1cscn1,0.6679290833293678
60,O=C(Nn1cccc1)C1(Sc2nnc[nH]2)C=Cc2ccc3c(c2C1)OCO3,0.7196421785904794
60,COC1c2cc3ccncc3cc2C=CC1(O)C(=O)NCO,0.7274734808600725
60,O=C(C(=O)N(C(=O)F)c1ccccn1)N1C=Nc2ccccc2C1,0.45684130714898014
60,NC(=O)C(N)(C(=O)c1scc2ccccc12)N1C=C2C=CC=CC2C1,0.6524600549640841
60,CC(=O)N(CN)C(=O)c1nc2cc3cc4c(cc3cc2s1)OCO4,0.7160127870079458
60,CC(Nc1cccs1)(C(N)=O)C(N)c1cc[nH]n1,0.6413694673767183
60,NC1N=CC=CC1(C(=O)C1(C2CCCCN2)N=CC=CN1)c1ccccc1,0.754882532408807
60,CNC1(C(N)Nc2ccc3c(n2)CCc2ncccc2-3)C=CC=CC1=O,0.727575988700686
60,OC1C=CC=CC1(O)NCOc1ccc2cnc3c4ccccc4sc3c2c1,0.46344858308684633
60,OCC1(O)C=NNC1(S)C(S)n1cnnc1,0.4334366044386929
60,N#CC(N)C(=O)S1(C2(N)CC2)C=NN=C1,0.6644003435118924
60,O=CC(O)(O)C1(C(=O)c2ccccc2)OC=Cc2c1ccc1nc[nH]c21,0.3735735903869825
60,C=CNC(CC=O)C(NC)C(N)=O,0.4326558537357794
60,CC(O)C(O)(NC12CCOC1N=CN2)Oc1ncnc2c1CCO2,0.47319813028916324
60,OC12C(=CSC1(c1ccc3c(c1)CC=C3)c1ncno1)C=CC1=C2OC2(OC=CO2)O1,0.7642833911188052
60,CC(C)(CO)OC(C(=O)O)c1ccc2ccccc2c1,0.8794390109710412
60,NC(F)(Cc1cncnc1)n1nnc2cc3c(cc21)c1c(c2[nH]ccc23)CCC1,0.4636085271787037
60,CC(OC1(c2nncs2)C=c2cnc3c(ccc4cnncc43)c2=CC1)c1nnc[nH]1,0.4309095789883849
60,NC(F)(c1nnc2cc[nH]n12)C(Cl)(CF)SCF,0.6510181542110239
60,O=C(c1nnc[nH]1)C(C1OC2=C(OCO2)O1)C1C2=CC=NNC2=Cc2ccccc21,0.7387079248288817
60,NC(=O)C(N)(c1cccc2nc3ccccc3cc12)N1Cc2ccccc2C12OC=CO2,0.4899392672472774
60,CC(F)(NC(N)(O)C(=O)O)C(F)F,0.35391496754088897
60,OCOC1N=CN=CC1(O)Cn1cc2c3ccccc3c3[nH]cnc3c2n1,0.4699833325617236
60,NC(=O)C(N)(C=O)c1ccc2c(c1)C1C3=C(C=COC3)C=C3C=CC=CC31O2,0.6182637014949711
60,COC1(C(O)(O)C2C=NN=CC2C)C=CC=CC1=O,0.7055811685435841
60,CCCN(C(C)CN)S(=O)(=O)C=O,0.6002974096956278
60,NC(O)(Nc1ccc2ccccc2c1)C(=O)C1(O)CN=CS1,0.6238148295705159
60,NC(N)(O)C(=O)O,0.2792762050127283
60,NC(O)(C(=O)O)C1(N)c2ccccc2C=CC1N1CCOCC1,0.5434096307807224
60,CC(N)(C(=O)C=O)C(O)=C(O)c1ccccc1,0.4096451810780338
60,CCCC(N)(C(=O)c1ccccc1)C(N)(O)O,0.42497351476814677
60,CC(C)(c1ccccc1)C(Oc1cccc2c1CN=CN2)C(N)=O,0.8880427346295876
60,CCC(CO)OC(N)(C(=O)O)c1ccccc1,0.634378378439993
60,CC(c1cnon1)(C1N=CON1)C1C2=C(C=CC1(N)F)CNC2,0.6684178262524159
60,NC(=O)C1(C(=O)Nc2ccc3sccc3c2)CNC2C=CC=CC21,0.7482038604301465
60,COCC(C)(NC=O)C(O)C(=O)O,0.4478143172242497
60,CN(C)C(N)C(=O)C(=O)C(C)(C)N,0.42192944156440326
60,CC(C)(C)C(N)(C=O)c1cc2c(c3cc4c(nc13)OCO4)CCN2,0.82342395630446
60,CCC(C)(OCc1ccccc1C)N1COC=N1,0.8031700759730208
60,NS(=O)(=O)C(O)(C1CNCCO1)C1(O)CC=Cc2ccccc21,0.5746884501849797
60,CC(C)(c1ccccc1)C(O)(C(=O)O)N1CCC2N=CN=CC21,0.8766007538099868
60,NC1(N)C2=C(C=CC1(C=O)n1cnnn1)Oc1ccc3c(c1N2)OC1(CC1)O3,0.4678201184782085
60,NC(=O)C(Nc1ccncn1)(c1cccc2ccccc12)N1CCNCC1,0.6328529591918699
60,NC(N)(CC1(F)C=CC2=C(OC=CO2)C1F)C(=O)F,0.5886369541005005
60,NC(C(=O)S)C(S)(Nc1cncnc1)C1=CC2C=CC=CC2NC1,0.30450379773718
60,C=C(C1=NC=CC23C(=NON12)C=CC1=C3COC1)C(N)(S)C(=O)S,0.5092074829244426
60,CN(C)C(O)C(O)(C=O)C(N)CN,0.2734370601462468
60,NC(CO)(CO)NS(=O)(=O)C1C=CC=CC1,0.43906056558344986
60,NC1(C(CS)(n2cnnc2)[SH]2C=C3C=CCCC3=C2)NN=CC1=O,0.5943110694313557
60,CC(N)C(CCO)(C(N)=O)C(N)N,0.3028721755276164
60,CC1CC=CCC1C(N)(S)C1NCCCc2ccccc21,0.44460815163059836
60,CCC(N)(NC)C(N)(N)C(C)=C=O,0.32102351327575207
60,CC(CNC=O)(C(N)=O)C1CC2CNCC2CN1,0.44531091321017785
60,CNC(N)(Cc1ccc2ccccc2c1)C(=O)C(N)=O,0.5382141119720463
60,CSC(C=O)(C(N)c1ccc2cnccc2c1)N1C=COC2C=CC=CC21,0.8051295050707444
60,CCC(C=O)C(N)(S)N(C)[SH](=O)=O,0.32600461336951553
60,CC(=O)C(c1cccs1)(C(N)(N)N)C12CCOCC1CCO2,0.6862138711699378
60,O=C(O)C(O)(c1ccccc1)C(F)Cc1ccc2[nH]ccc2c1,0.6776941615155626
60,NCC(=O)C(N)Oc1cncc2c3c(c4c(c12)OCO4)Cc1ccccc1C3,0.5204467513822973
60,C=C(C(C)N)C(NC(N)=O)C(N)=O,0.3954858841991165
60,NC(=O)C(N)(N)N,0.2647306177223821
60,NC(C=O)(Cc1ccc2c(c1)nc1c3c4c(ccc3ccn21)OCO4)n1cnnc1,0.45966006079042737
60,CCC(C)(O)OC(C)(N)C(=O)C=O,0.34757117519084885
60,CC(N)(C(=O)C(N)(S)[SH]1C=NN=C1)c1ccc2ccsc2c1,0.5017011264312307
60,OC(C1=COCO1)(c1nc[nH]n1)c1cc2c(c3c4ncncc4c4cncnc4c13)Cc1ccccc1-2,0.35946690570455236
60,N#CC(S)C(S)(Cl)n1cc2c(c1)C2,0.5997745999910378
60,NC(C(=O)c1cnc2c(n1)C=CCC2)(c1ccccc1)C1NN=CS1,0.8193837618782022
60,O=CNC(=O)C1(c2cc3c(c4ccccc24)NC2C=CC=CC32)NCC2C=CC=CC21,0.6808370996462789
60,NC(C(=O)C=O)N1C=CSc2ccc3c(c21)OC1(C=Cc2ccccc21)O3,0.6495490651641056
60,CCc1ccccc1C(=O)C(c1ncn[nH]1)N(C)C,0.8313886013344847
60,Cc1cccnc1C(N)C(N)(C(N)=O)c1cscn1,0.7360419064724081
60,NC(S)(S)C(C=O)(C1C=CC=CC1)n1cnc2sccc21,0.4564972724814328
60,SC1([SH]2C=c3cncnc3=C2)c2c([nH]c3cc4c(cc23)OC2(CC2)O4)C2=C(OC=CO2)C1Br,0.32324414082551
60,NC(O)(Cl)C(=O)C1(N)C=CC=CC1(O)c1ccccc1,0.3592940577012937
60,CC(=O)C(N)(C(N)=O)C1(c2ccccc2)C=CC=CC1,0.806275642708587
60,CCC(N)(C(S)CCS)C(C)(C)N,0.5322993029573848
80,CC(C)(NC1(N)C=NNC1)C(=O)c1ccc2ccccc2c1,0.5917014330038143
80,CC(c1ccc2[nH]c3ccccc3c2c1)C(N)(C=O)C(=O)F,0.44158989532601156
80,NC(C(=O)F)(c1cc2cc3c(cc2c2cncnc12)COCC3)n1cncn1,0.4259583884547467
80,Nc1ccccc1C(=O)C1(N)C=CN=CC12CC=CC1=C2COC1,0.6438546526052309
80,CC(N)(C(N)=O)C12C=CC=CC1(c1cccnc1)C=c1ccccc1=C2,0.8690067237268706
80,CC(=O)C(O)(CO)N(C)c1c2cncnc2cc2cn[nH]c12,0.5899808165246848
80,O=C(S)NC(S)c1cc2ccccc2cc1C1(O)OC=CO1,0.514107443811869
80,CC1(NC(=O)Sc2ccncn2)c2ccc3ccccc3c2C=NC12OC=CO2,0.5141568509222958
80,NC(S)(C(=O)C1CNC2C=CC=NC2C1)c1ccccc1,0.5819081104074549
80,NC(c1ccccc1)(c1ncn[nH]1)S(=O)(=O)Nc1cccc2c1OCO2,0.6106168843540216
80,CC(CN)C(N)(S)C(=O)NC(N)S,0.256792509175335
80,NC(N)(C=O)C1(NS)C=CC=CC1[SH](=O)=O,0.22933224515640888
80,O=CC(c1cn[nH]c1)C(NC1CCC2CCOC2N1)c1ccncn1,0.6695149056156162
80,O=[SH](=O)C(N1CCOC2NCCC21)C(O)(O)NS,0.24091684461118043
80,NC(N)C(=O)C(N)(c1nccs1)C1(N)C=CC=CC1,0.5396045468764258
80,OCC(O)(COc1cc2ccccc2c2nc[nH]c12)c1cnc2ccccc2n1,0.42904401418400656
80,CC(S)(S)C(N)(C(=O)Cc1nncs1)n1cncn1,0.5354534729776685
80,NCC1(C(O)(O)Nc2cccc3cnncc23)N=CN=C2N=CN=CN21,0.5189409712131656
80,NC(=O)C(O)(C(=O)O)N1CCCC23C=CC=CC12NN=C3,0.48055067954698594
80,CCOC(N)(C#N)C(=O)NCOC,0.5334837927028082
80,NCC(=O)C1c2c(cnc3c2NC2C=CC=CC2O3)C2=C(CCC2)C1n1cccc1,0.8256944694421003
80,O=C1C=CC=CC1C(=Nc1c2c(cc3ccccc13)C1=C(OC2)SCC1)n1cnnc1,0.4404636596261767
80,O=C(O)C1(Br)OC2(CC13CC3)Oc1cc3c(cc1O2)OCO3,0.7582418608090129
80,SC1(c2ccc3c4c(c5ccccc5c3c2)OCO4)CN2C=CSC2CO1,0.47756442843704944
80,CCC(N)(C(N)=O)C(CC=O)NC,0.4526876604128094
80,O=C(OC1CC1)N1N=CNC1C12C=CC=CC1C1=C(C=C2)OCO1,0.8394289591079497
80,NC1(C(=O)C(O)OCO)NC=Nc2ccccc21,0.5053380029972199
80,CC(c1ccccc1)C(N)(C(N)=O)C(N)c1ncc[nH]1,0.628884938370228
80,CNC(C)(C=O)CC(C)(N)C(N)=O,0.46856190658763114
80,CC(=O)C(C)(N)C(O)(O)C12CCCCC1c1cscc1CN2,0.6274509472558475
80,NC(Oc1ccc2ccc3ncccc3c2c1)C(=O)C(N)(S)S,0.33016732017523437
80,O=C(Nc1ccccc1)C12CC1=C1OC=COC1=CC2C(S)S,0.5805197790094448
80,CC(C)(C(=O)C(N)C=O)C(N)(F)F,0.36390197828200266
80,CC(C)C(O)C(O)(O)C(=O)C(=O)O,0.31274542790160287
80,NC(N)(C=O)N1c2ccccc2NCC12c1ccccc1C1(CCCCC1)N1C=CC=NC12,0.48844130504107663
80,CCC(N)(N)C(=O)NC(N)C1CN=CN1,0.32765239957382586
80,NCC(CC(N)=O)(c1ccccc1)c1nc2ccccc2c2occc12,0.5808475445612913
80,CCC(CC)(C(N)CO)S(N)(=O)=O,0.5493208659036405
80,NC(N)(O)C(N)(O)C(=O)Cc1cccc2cc[nH]c12,0.36926488859277407
80,NC(=O)C(N)(c1cnoc1)c1cc2c(c3c1ccc1ccccc13)OCO2,0.5417556841546629
80,NC(=O)C(Nc1cncnc1)(C(S)S)n1cc2ccccc2n1,0.41179009437953873
80,NC(=O)C(N)(F)C(F)Oc1cc2ccccc2c2c1OCO2,0.8309810138520359
80,CC(N)(S)C(C)(S)C(=O)NCCN,0.3245943932546915
80,O=CC(Cl)(O[SH]=O)[SH]=O,0.3357975602412608
80,O=C(C(O)O)C(SC1SC=C2NN=NN21)c1ccccc1,0.7034850297478664
80,CC(C=O)(CCN)C(C)(C)C(N)N,0.4104393106804381
80,NC(SC1C=CN=CN1)(C(=O)Cc1nncs1)c1ccccc1,0.7736733473078209
80,CC(N)OC(=O)C(O)(O)C(F)C=O,0.2730743714353107
80,CCC(C(=O)NC(=O)F)C(O)NC,0.32602083486943106
80,CC(=O)NC(C)(C(C)=O)C(C)(O)O,0.5056904047727554
80,NNC(S)(C(=O)S)n1cnnc1,0.21406702391952726
80,O=C(N1CN=CS1)C1(C2OC=CO2)C=Cc2c(ccc3ccccc23)C12CC2,0.7212677738940977
80,NC(N)(C(=O)S)C(NC=O)[SH]1C=NN=C1,0.22205091749381264
80,CC(N)(CN[SH](=O)=O)C1C=c2ccccc2=CC1S,0.5394798872658123
80,O=CC(c1cc2c(c3ccc4ccccc4c13)OCO2)(N1C=NC=CC1)N1CCCC1,0.47758496299707554
80,NC(C=O)(C(=O)O)c1cccc2[nH]c3c4ccncc4c4ccccc4c3c12,0.25630237922727134
80,NC(=O)C(N)c1cc2c(c3cc4c5c(ccc4nc13)OCO5)OC1(C=CC3CC=CC3C1)O2,0.4610054160082645
80,NC1C=CC=CC1(C(=O)C=O)N1CC2(CNc3ccccc3C2)c2ccccc21,0.6267655212811615
80,CCCC(C)C(C)C(C)(C)CCC,0.5513805257944103
80,NC(N)C12Nc3ccc4c(c3C1=CC1=C(C2=O)c2ccc3ncccc3c2NC1)OCO4,0.43765300633778287
80,O=C(c1cnn[nH]1)C(Nc1ccccc1)c1cncc2cc3c(cc12)CNc1ccccc1-3,0.3390775826099684
80,CC(=O)C(C)(O)C(=O)C(C)(O)CF,0.5950582599267059
80,O=C(OC1Oc2ccccc2CC1(O)c1ccccn1)c1ccc2c(c1)COCC2,0.6772053385422439
80,CC(=O)C(c1noc2ccccc12)(C(S)S)N1C=NC=CC1,0.6670419844092744
80,NC(S)(C(=O)N[SH](=O)=O)C12C=CC=CC1=CNN2,0.2663077114910457
80,NC(N)(C1CC2SC=NC2NC1=O)C1C=CC=C2C1NCCC21COCO1,0.4645259996464226
80,NC(=O)C1C=Cc2ccccc2C1(Br)NC1(c2ccc[nH]2)CCOC1,0.5434643804968342
80,CC(O)(NC1(Br)CC=Cc2c1ccc1c2CCO1)C(=O)O,0.43950625529769466
80,CSCC(O)(O)C(=O)COc1cccc2cncnc12,0.7544233910714855
80,NC(OC(S)(S)C(=O)C=O)C1C=CC=CC1,0.2941485635236931
80,NC(=O)C1(n2cnnn2)C=C2C(=CC1N)NC1C3=C(C=CC14N=CSC24)C3,0.6063118536280633
80,CNC(=O)C(N)(Cc1ncccn1)c1cccc2ccccc12,0.7695746479563603
80,NC(Sc1nnco1)(C(=O)C1NCCCC12CCNC2)c1csc2c1C2,0.44060710227163047
80,OC(O)C1(O)c2cncnc2-c2ocnc2C1(O)c1ccc2c(c1)OCOC2,0.434497452361458
80,NC(=O)C1(N)C=C2OC3(OC2=C2C4=C(C=CC21Br)OC=CO4)C1C=NC=NC13,0.5691203876220582
80,NC(=O)C1(O)CNCC1(C=O)c1ccc2ccc3c(c2c1)CCO3,0.6909525354266705
80,NC(O)(C(=O)CC1(O)CC1)c1cccc2cc3c(cc12)NCCO3,0.6293991931345638
80,N=C(O)C(CC(N)Cc1nccs1)Sc1ccccc1,0.41682798718941083
80,O=C(n1cnnc1)C1(O)CC2=C(OC3c4ccccc4C=C4OCOC43N2)c2ccccc21,0.5912523175250721
80,O=CCC(CC1=COCO1)N1C=Nc2ccc3cc4nc[nH]c4cc3c2C1,0.7039759595577066
80,NC(=O)C(N)(Cc1ccc2c3c(ccc2c1)OCO3)NC=O,0.5305614585617946
80,CCNC(=O)C(O)(CO)c1cc2ccc3cnoc3c2[nH]1,0.5625312476598447
80,NCC(=O)C(=O)NC1c2ccccc2C=CC12CNC1OC=CC12,0.7027722520491899
80,CC(C)(O)C(=O)C(=O)C(C)(O)C=O,0.3298188350179826
80,CCC(C)(CC)NC(=O)C(C)(N)N,0.5541568524241627
80,NC(S)(C(=O)NCC1CC=NO1)C1(S)CCCCC1,0.46381548788018195
80,O=C(OC1=COc2c(c3ccccc3c3cnc4ccccc4c23)C1)C1COC=COC12OC=CO2,0.2865345938051992
80,NC(CS)(N[SH](=O)=O)c1ccc2c3c(ccc2c1)CCOC3,0.49651368442308674
80,O=C1C=C2Nc3cncnc3OC2=CC1CN1c2cc3c(cc2OCC12OC=CO2)NC1(CNCCO1)CO3,0.514824406312216
80,NC(O)(C=O)C(N)(NC=O)C(=O)O,0.22104147945328903
80,COC(C(=O)F)(c1cccc2ccccc12)C(S)CS,0.653786676550538
80,NC(=O)C(C=O)(c1cccc2ccccc12)n1cc2c(c1)CC=CC2,0.45401829341778444
80,CC(O)(C1(C=O)CN=CS1)C1(O)COCc2ccc3c(c21)OCCC3,0.7846704491602983
80,NC12CC1(C(=O)CN1CCn3c(cc4c3CCc3ccccc3-4)C1)C=NC=N2,0.8912995695334784
80,BrC1(SC2(Br)NCCN3C=CC=NC32)Oc2cc3c(cc2O1)OCCO3,0.490386544096622
80,CCC(C)(C(O)NC)C1(O)C=CC=CC1=O,0.6044626579361172
80,NC(O)C(c1ccccc1)(C1CCCCC1)C(N)(O)C=O,0.4698415924411538
80,CNC(CC(N)=O)OC(C)C(C)C,0.5954219000148759
80,NC(O)(C(=O)n1cccc1)C1(O)C=CCC1,0.4796248961768563
80,CCNC(C=O)C(C)N([SH]=O)[SH]=O,0.3679086489731185
80,CC(=O)C(c1ccccc1)C1(C)NC=NN1Cc1cncnc1,0.9133996102093423
80,CC(=O)C(Cc1ccoc1)(NC1=COCO1)c1noc2ccccc12,0.738070362774048
80,NC(N)(C(=O)C(=O)Nc1ccccc1)C12CCNC1N=NN2,0.3498501362332414
80,NC(=O)NC(C(=O)F)(C1=CC=CNC1)c1ccc2ccccc2c1,0.7538688283570942
80,O=C(CCl)C1(O)CC2(C=C3Nc4cc5cnc6ccccc6c5cc4C31)CN=CSC2,0.4452313152894272
80,CC(=O)N(C(C)(N)N)S(=O)(=O)C1CCCCC1,0.701678959683548
80,O=[SH](=O)C1(C(S)(Br)Br)C=CSC23CC21C=CC1=C3OCCO1,0.4629480891077558
80,CNC1(C=O)C=CNCC1(C)C(=O)c1ccc[nH]1,0.5341684546161508
80,NC(N)C(N)(C=O)C12C=c3c(sc4ccccc34)=CC1N=CN2,0.3978995212565123
80,CCS(=O)(=O)NC(N)C(C#N)CN,0.46311473818688
80,NC(N)(C=O)N1Cc2cc3c(cc2NC12CCN1C=CC=NC12)OCO3,0.48988537222330536
80,CC(NCCc1cccs1)C(=O)S(N)(=O)=O,0.7863760155794649
80,O=[SH](=O)NC(O)(S)C1(CO)C=Cc2ccccc2C1,0.39785342096426435
80,NC1(C(Sc2ccccc2)(c2nncs2)c2[nH]nc3c2OCO3)C=NC=CC1,0.6198355474641517
80,CC(=O)NC(O)(O)C(=O)c1onc2c1Nc1ccccc1N2,0.34693192173500736
80,CCS(=O)(=O)NCC(C)(C)CCN,0.6592201209835782
80,O=CC(S)(CN[SH](=O)=O)NC1=C2C=CC=CC2NN1,0.199406087980613
80,COC(C(C)C)C(N)(N)C(F)C=O,0.46714258824891713
80,NC(=O)C(N)(F)COC(F)F,0.5520480206105546
80,COC(N)(CO)CNS(=O)(=O)CO,0.35297279480648375
80,CC(F)C(N)(CF)C(N)(N)C(N)=O,0.3925885277488189
80,CC(C)(OC1C=CC=CC1O)C(O)c1ccncc1,0.8667181253387778
80,NCC1(Nc2nc3ccc4c(c3[nH]2)-c2ccccc2C4)C=Cc2ncncc2C1=O,0.43402731420540436
80,NC(=O)C1(C=O)CC23C=Cc4ccccc4C2=CN=CN3C23COCC2=CC=C2OCOC213,0.5495758915142044
80,O=CC(O)(O)c1cc2cc3c(cc2c2c1OCO2)-c1c2c(c4ccccc4c1NC3)OCO2,0.3198772815323159
80,CC(O)(OCO)C(O)(CO)NC=O,0.22878573050516002
80,NC(=O)OC(F)(C(N)=O)c1cnc2c(c1)NCNC2,0.5708124075186044
80,O=C1C=Cc2c(ccc3c2OC=CO3)C1N(C(=O)C1=CSCN1)c1ccccc1,0.8408125526064034
80,NC(S)C(S)(C=O)Nc1c2c(cc3ccc4ncsc4c13)OCO2,0.31674453008918174
80,CC(C=O)(C1=NNCc2ccccc21)C(N)(N)C(N)=O,0.40380600860681765
80,NC(O)(Cc1cccc2c1CCO2)n1cnc2c3ncc4ccncc4c3ccc21,0.3587678617708304
80,NC(=O)C(N)(N)c1ccc2c(c1)C13C=CC=CC1(C=NC1=C3C1)C1(N2)OC=CO1,0.5553423246250762
80,NC(O)(Oc1cncnc1)C1(n2cnc3ccc4ccccc4c32)OC=CO1,0.5170338371923471
80,NC(S)C(S)(Cn1cnnc1)OC1C=CC=CC1=O,0.5341623792757391
80,CN1N=CNC1(N)SC1(c2cscn2)C=Cc2ccccc2C1=O,0.8180291766574386
80,NC(O)(O)C(=O)C1C=C2C=CNC2C=C2c3ccc4c(c3C=CC21)OCO4,0.5683810502851201
80,CNC(C)(N)C(C=O)(NC)C(C)=O,0.2807241714396595
80,O=C(O)C(OCO)OC1=NC2(COC3COCC32)Nc2ncncc21,0.5639903278228539
80,C1=COC2(O1)OC(Oc1cscn1)C(c1ncno1)(c1cccc3cc4ccccc4cc13)O2,0.3452830419786834
80,NC(N)C(=O)C(O)(c1nncs1)C1OC=CO1,0.5486415684282309
80,CC(S)C(C#N)(CN)N(C)[SH](=O)=O,0.5326268610870671
80,OC1(c2nncs2)C=c2cncnc2=CC1(O)c1ccnc2ccccc12,0.5165577300832825
80,NC(F)(Cl)C(F)(S)C(F)(S)c1nnc[nH]1,0.3824353960620127
80,O=C(F)C(O)(c1cc2c(c3ccccc13)OCO2)C(O)(F)F,0.8455579511388789
80,NC(N)(Cc1ccc2ccccc2c1)NC(=O)c1c[nH]cn1,0.540278873446013
80,NC(=O)C(N)(Cl)C1(C2CC=CC3=C2CCCC3)NN=NN1,0.45883547417737003
80,O=C(c1cc2ncncc2c2ccc3c(c12)OCO3)C(O)(O)C(O)O,0.2856241818409816
80,O=C(C1C=C2N=CCCC2=C2NC=c3ccccc3=C21)C1(n2cccc2)Cc2ccccc2O1,0.6739515064284946
80,O=C1C=Cc2ccc3c(c2C1C(O)(O)Nc1ccn[nH]1)OCO3,0.611698437527713
80,NC(C(=O)c1cccs1)C(N)(S)N[SH](=O)=O,0.2673357448653923
80,CC(=O)C(N)(n1cnnc1)S1(Cc2ccc3ccccc3c2)C=NN=C1,0.7500604677254437
80,O=C(COC(F)C1OC=CO1)OC1C=c2ccccc2=CC1,0.7504135415120141
80,NC(N)(C=O)c1c(C2=COCO2)c2ccccc2c2ccc3c(c12)OCO3,0.4171428494656338
80,NC(=O)C1(C2(O)c3ccccc3C=CC2O)CCCc2nnnn21,0.6800088240974203
80,CCC(C)(C(=O)Nc1cccnc1)C1CCC2C=c3cncnc3=NC2C1,0.9023015660065622
80,NCC1C=c2ccccc2=CC1C(CC(=O)Cl)=C1C=CC=CN1,0.8251968816750055
80,COC1(S(=O)(=O)CO)C=Cc2c(ccc3ncccc23)C1O,0.8753421812037268
80,NC(N)(c1ncc2cc3ccccc3cc2n1)C(N)(c1cn[nH]c1)c1cnon1,0.25763219400143816
80,O=C1C=c2ccccc2=CC1(C(=O)N1CC=CC1)N1CCC2(CC1)Nc1ccccc1O2,0.5778073292219317
80,N#CC(=O)C(N)(N)C1(c2csc3ccc4c(c23)CC=C4)CC1,0.671256175172576
80,NC1(CN(C=O)C2=CNc3ccnn3C2)C(=O)C=Cc2ccccc21,0.8150819594994981
80,NCC(N)(Cc1ccc2c(c1)NCCC2)C1(N)OCOC1=O,0.5487426617737855
80,CC(S)C1(OC(N[SH](=O)=O)c2nncs2)CCCCC1,0.5435782980055468
80,CC(=O)C(CN)(Oc1ccccc1)C1(C2OC=CO2)COCCN1,0.7849079617642827
80,CC(C)(N)C1(C(C)(C)O)N=CN=CC1(C)O,0.6243887544009777
80,CNCC(C=O)NS(=O)(=O)C(C)N,0.4390521436727505
80,O=C(NC12C=CC=CC1Nc1ccccc1N2)C12C=CNC13C=CC=CC3=NN2,0.5334616666708407
80,CNC(=O)C(N)(C(C)F)C(F)CF,0.6725331549889029
80,O=C(O)C1(O)NCC2(CC3NC=C4C=NC=NC431)OCC1(CC1)C1OCCNC12,0.35190714419440583
80,CC(=O)C(S)(S)C1(Cc2nccnn2)C=CC=CC1N,0.5709062426404377
80,CCC(O)(O)C(N)(C=O)NC(C)C,0.3268694601368267
80,CCCC(C)(N)C(NC(C)=O)OC,0.6213213037918492
80,CC(S)CC(S)(S)C(S)(C#N)n1cccn1,0.5076448254082422
80,CCC(N)NC(N)(CCN)C(C)=O,0.39424700930969364
80,CC(CN)C(N)(C[SH](=O)=O)C(N)=O,0.3681658036236367
80,CC(N)(N)C1(C)C=CC=CC1(N=C=O)C1=NNCS1,0.394585236991897
80,CNC(C)(C)C(=O)C12CNCCC1c1ccc3c(c1CN2)OCO3,0.7644567524200061
80,NC(=O)C(CO)C(=O)N1CCC23C=CC=CC2C1(O)OC=C3,0.592692797939154
80,CNC(C=O)C1(C(N)=O)C=CC=CC1(S)S,0.3238976898539124
80,NC(N)C(N[SH](=O)=O)(c1ccccc1)C(N)S,0.28707276826417344
80,CCC(N)N(C)CC(N)(C=O)CC,0.45043479728808095
80,CC(=O)C(O)(C(=O)O)C(F)N1C=C2OCCC2=NC1,0.53639671181179
80,O=CNCC(=O)C(O)(O)c1ccc2cnc3ccccc3c2c1,0.36831189549395843
80,NCC(N)(C(N)=O)C1NC2C3=C(C=CC2OC1=O)CCN3,0.3531592048196871
80,CC(C)C(C#N)(c1ccncc1)N(C=O)CN,0.601776548942162
80,NCC(O)(O)C(N)(NN)C(=O)c1ccccc1,0.14570509931049389
80,O=C(S)C(O)(S)N1N=Cc2cc3ccccc3cc2C12CNCCO2,0.4703353637836525
80,NC(=O)C(N)(C1=NN=CS12C=C1OCOC1=C2)C(S)S,0.437181350160845
80,O=CC1(n2cncn2)C=COC12c1cc3c(cc1C=C1N=CN=CC12)OCO3,0.736291244499309
80,NC(O)(C(=O)O)n1nnc2ccc3ccncc3c21,0.535295719179468
80,NC(=O)C(N)(N)C1(c2cnc3c(n2)OCO3)c2ccccc21,0.6143552435196568
80,NC(N)(C(=O)C=O)C(=O)N1CCc2ccccc2C12C=CC=C2,0.3471154626864499
80,O=C(c1ccc2c(c1)OCO2)C1(Sc2ccc3sccc3c2)Cc2ccccc2C1,0.364273845324862
80,CC(N)(N)C(N)(C(N)=O)C1(N)CNC=N1,0.2623648510645373
80,CC(C)NCC(c1ccccc1)N1c2ccccc2C=NC1C,0.903520577046689
80,NC(C(=O)Br)C1NC=Nc2sc3c4c(c5c(c3c21)C1C=c2ncncc2=CC1OC5)OCO4,0.47890131582756235
80,NC(=O)C12NC3(COC=CO3)C3C=CC4=C(OCO4)C3C1=c1cc3c(cc1=CC2Br)OCO3,0.5105221283742956
80,NC(=O)C(N)(C1OC=CO1)C1(Cl)COc2cc3ccccc3cc21,0.824305972457275
80,O=C(O)C(=O)C(O)N1CCc2cc3c(cc2CC12CNCN2)OC=CO3,0.5101873362791365
80,CC(O)(CN)C(O)C(N)C(=O)CN,0.3123325536342768
